Timestamp,RAM_Used_MB,SWAP_Used_MB,GPU_Load_%,Power_GPU_SOC_mW,Power_CPU_CV_mW,Power_VIN_mW,Temp_CPU,Temp_TJ,Temp_SOC0,Temp_SOC1,Temp_SOC2,CPU1_%,CPU1_MHz,CPU2_%,CPU2_MHz,CPU3_%,CPU3_MHz,CPU4_%,CPU4_MHz,CPU5_%,CPU5_MHz,CPU6_%,CPU6_MHz,CPU7_%,CPU7_MHz,CPU8_%,CPU8_MHz,CPU9_%,CPU9_MHz,CPU10_%,CPU10_MHz,CPU11_%,CPU11_MHz,CPU12_%,CPU12_MHz
10-29-2025 14:09:09,3695,0,0,3969,793,4614,41.968,41.968,38.437,39.343,38.125,11,729,3,729,5,729,0,729,31,729,2,729,0,729,31,729,3,729,24,729,0,729,4,729
10-29-2025 14:09:10,3695,0,0,3969,793,4715,41.75,41.75,38.406,39.187,38.156,26,729,9,729,3,729,4,729,15,729,0,729,16,729,25,729,14,729,20,729,10,729,7,729
10-29-2025 14:09:11,3695,0,0,3969,793,4715,41.875,41.875,38.531,39.312,38.187,36,729,1,729,0,729,0,729,21,729,1,729,2,729,21,729,6,729,20,729,5,729,0,729
10-29-2025 14:09:12,3694,0,0,3969,793,4715,41.906,41.906,38.468,39.312,38.156,27,729,0,729,0,729,2,729,21,729,2,729,3,729,19,729,0,729,22,729,4,729,0,729
10-29-2025 14:09:13,3694,0,0,3969,793,4715,42.156,42.156,38.5,39.437,38.125,28,729,1,729,0,729,2,729,22,729,2,729,0,729,18,729,1,729,24,729,2,729,0,729
10-29-2025 14:09:14,3694,0,0,3969,793,4715,41.875,41.875,38.562,39.343,38.125,29,729,15,729,3,729,14,729,19,729,15,729,16,729,15,729,16,729,16,729,4,729,19,729
10-29-2025 14:09:15,3698,0,0,3969,793,4614,41.812,41.812,38.406,39.312,38.218,10,729,15,729,11,729,4,729,24,729,0,729,1,729,22,729,2,729,1,729,1,729,22,729
10-29-2025 14:09:16,3698,0,0,3969,793,4715,42.031,42.031,38.562,39.406,38.156,9,729,1,729,28,729,7,729,21,729,3,729,2,729,20,729,2,729,0,729,0,729,18,729
10-29-2025 14:09:17,3697,0,0,3969,793,4715,41.812,41.812,38.531,39.25,38.218,7,729,0,729,6,729,17,729,24,729,2,729,1,729,20,729,1,729,3,729,1,729,18,729
10-29-2025 14:09:18,3695,0,0,3969,793,4715,42.0,42.0,38.531,39.312,38.281,7,1497,2,1497,5,1497,19,1497,11,729,6,729,12,729,17,729,2,729,2,729,1,729,17,729
10-29-2025 14:09:19,3698,0,47,3969,793,4614,42.031,42.031,38.468,39.406,38.125,19,729,1,729,6,729,15,729,18,729,7,729,12,729,17,729,3,729,0,729,4,729,17,729
10-29-2025 14:09:20,3698,0,0,3969,793,4614,42.125,42.125,38.468,39.375,38.156,26,883,1,883,7,883,9,883,3,729,8,729,21,729,17,729,3,729,2,729,3,729,19,729
10-29-2025 14:09:21,3698,0,0,3969,793,4715,41.906,41.906,38.531,39.281,38.187,37,729,7,729,12,729,3,729,2,729,9,729,21,729,7,729,16,729,1,729,4,729,3,729
10-29-2025 14:09:22,3698,0,15,3969,793,4715,42.062,42.062,38.625,39.343,38.25,31,729,2,729,9,729,3,729,16,729,14,729,10,729,1,729,17,729,0,729,0,729,0,729
10-29-2025 14:09:23,3698,0,0,3969,793,4715,42.031,42.031,38.468,39.343,38.343,13,729,4,729,21,729,5,729,32,729,22,729,1,729,2,729,18,729,1,729,1,729,0,729
10-29-2025 14:09:24,3698,0,0,3969,793,4614,41.906,41.906,38.531,39.5,38.187,21,729,3,729,5,729,5,729,3,729,39,729,2,729,13,729,5,729,0,729,0,729,2,729
10-29-2025 14:09:25,3699,0,0,3969,793,4614,41.906,41.906,38.593,39.281,38.156,15,729,3,729,5,729,19,729,25,729,19,729,1,729,12,729,4,729,1,729,0,729,2,729
10-29-2025 14:09:26,3699,0,2,3969,793,4715,41.875,42.093,38.718,39.343,38.218,12,729,1,729,14,729,9,729,12,729,41,729,1,729,13,729,0,729,1,729,0,729,3,729
10-29-2025 14:09:27,3699,0,0,3969,793,4715,41.968,41.968,38.406,39.343,38.25,9,729,15,729,23,729,5,729,22,729,34,729,6,729,1,729,1,729,2,729,1,729,2,729
10-29-2025 14:09:28,3699,0,1,3969,793,4715,42.156,42.156,38.531,39.531,38.218,7,729,0,729,18,729,1,729,21,729,30,729,7,729,2,729,1,729,1,729,1,729,0,729
10-29-2025 14:09:29,3700,0,0,3969,793,4715,41.968,41.968,38.562,39.281,38.218,12,729,2,729,17,729,2,729,21,729,36,729,6,729,2,729,2,729,2,729,1,729,1,729
10-29-2025 14:09:30,3698,0,0,3969,793,4614,41.906,41.906,38.656,39.343,38.156,11,729,2,729,19,729,6,729,10,729,36,729,6,729,6,729,9,729,2,729,1,729,2,729
10-29-2025 14:09:31,3698,0,0,3969,793,4715,42.062,42.062,38.468,39.5,38.187,18,729,6,729,19,729,4,729,26,729,6,729,20,729,12,729,3,729,20,729,2,729,0,729
10-29-2025 14:09:32,3698,0,0,3969,793,4715,41.937,41.937,38.5,39.375,38.281,24,729,3,729,1,729,11,729,26,729,1,729,24,729,0,729,8,729,19,729,0,729,0,729
10-29-2025 14:09:33,3698,0,8,3969,793,4715,41.937,41.937,38.656,39.343,38.156,8,729,2,729,2,729,18,729,2,729,18,729,22,729,2,729,0,729,20,729,4,729,0,729
10-29-2025 14:09:34,3699,0,0,3969,793,4715,42.125,42.125,38.468,39.437,38.312,9,729,4,729,2,729,19,729,3,729,11,729,31,729,3,729,1,729,18,729,2,729,2,729
10-29-2025 14:09:35,3699,0,0,3969,396,4614,42.031,42.031,38.562,39.437,38.187,8,729,2,729,2,729,18,729,3,729,1,729,28,729,2,729,4,729,27,729,0,729,0,729
10-29-2025 14:09:36,3701,0,0,3971,793,4715,41.875,41.875,38.625,39.343,38.187,11,729,14,729,7,729,20,729,5,729,16,729,14,729,3,729,10,729,30,729,6,729,0,729
10-29-2025 14:09:37,3700,0,0,3969,793,4715,41.937,41.937,38.656,39.343,38.25,10,729,3,729,2,729,18,729,4,729,20,729,8,729,4,729,18,729,21,729,0,729,0,729
10-29-2025 14:09:38,3700,0,0,3969,793,4715,42.125,42.125,38.562,39.437,38.156,22,729,3,729,1,729,18,729,3,729,3,729,5,729,2,729,28,729,7,729,2,729,1,729
10-29-2025 14:09:39,3700,0,17,3969,793,4715,41.875,41.875,38.593,39.468,38.281,33,729,5,729,2,729,27,729,3,729,2,729,3,729,5,729,9,729,0,729,2,729,18,729
10-29-2025 14:09:40,3701,0,0,3969,793,4614,41.968,41.968,38.687,39.375,38.281,29,729,12,729,5,729,11,729,6,729,2,729,2,729,2,729,26,729,0,729,2,729,17,729
10-29-2025 14:09:41,3701,0,0,3969,793,4614,42.0,42.0,38.625,39.406,38.312,15,729,4,729,14,729,7,729,7,729,1,729,2,729,4,729,30,729,18,729,13,729,6,729
10-29-2025 14:09:42,3701,0,9,3969,793,4715,42.218,42.218,38.593,39.437,38.25,10,729,2,729,13,729,4,729,2,729,1,729,3,729,4,729,47,729,5,729,23,729,0,729
10-29-2025 14:09:43,3700,0,0,3969,793,4715,41.968,41.968,38.656,39.593,38.25,8,729,2,729,11,729,5,729,1,729,3,729,1,729,2,729,35,729,0,729,7,729,18,729
10-29-2025 14:09:44,3700,0,5,3969,793,4715,42.093,42.093,38.656,39.343,38.343,10,729,1,729,2,729,22,1497,4,729,5,729,2,729,1,729,34,729,7,729,3,729,21,729
10-29-2025 14:09:45,3701,0,17,3969,793,4614,42.093,42.093,38.593,39.375,38.343,14,729,1,729,5,729,18,729,3,729,5,729,2,729,0,729,39,729,4,729,16,729,8,729
10-29-2025 14:09:46,3702,0,0,3969,793,4614,41.906,41.906,38.687,39.375,38.187,9,729,4,729,6,729,13,729,1,729,4,729,4,729,3,729,46,729,1,729,10,729,9,729
10-29-2025 14:09:47,3702,0,0,3969,793,4715,42.093,42.093,38.625,39.375,38.25,12,729,1,729,2,729,13,729,2,729,3,729,3,729,0,729,47,729,4,729,19,729,3,729
10-29-2025 14:09:48,3701,0,0,3969,793,4715,41.968,41.968,38.687,39.406,38.312,10,729,1,729,2,729,14,729,22,729,4,729,0,729,1,729,20,729,2,729,18,729,2,729
10-29-2025 14:09:49,3702,0,0,3969,793,4715,42.125,42.125,38.531,39.468,38.375,11,729,5,729,14,729,16,729,20,729,5,729,6,729,2,729,11,729,21,729,10,729,11,729
10-29-2025 14:09:50,3702,0,19,3969,793,4614,42.187,42.187,38.625,39.5,38.281,9,729,2,729,1,729,7,729,21,729,5,729,1,729,12,729,18,729,22,729,0,729,0,729
10-29-2025 14:09:51,3704,0,0,3969,793,4614,42.0,42.0,38.625,39.343,38.218,16,729,4,729,5,729,0,729,22,729,7,729,1,729,19,729,19,729,27,729,0,729,4,729
10-29-2025 14:09:52,3704,0,0,3969,793,4715,41.968,41.968,38.781,39.437,38.343,11,729,6,729,3,729,1,729,20,729,3,729,6,729,18,729,18,729,30,729,0,729,2,729
10-29-2025 14:09:53,3703,0,37,3969,793,4815,42.093,42.093,38.656,39.468,38.312,13,729,12,729,17,729,10,729,10,729,13,729,5,729,18,729,18,729,10,729,1,729,0,729
10-29-2025 14:09:54,3703,0,49,3969,793,4715,42.312,42.312,38.625,39.531,38.312,7,729,0,729,21,729,0,729,21,729,4,729,5,729,18,729,12,729,1,729,5,729,3,729
10-29-2025 14:09:55,3703,0,0,3969,793,4715,42.0,42.0,38.718,39.406,38.312,7,729,1,729,1,729,0,729,32,729,3,729,9,729,32,729,18,729,3,729,0,729,0,729
10-29-2025 14:09:56,3705,0,0,3969,793,4614,41.968,41.968,38.687,39.437,38.312,10,729,1,729,2,729,11,729,12,729,22,729,5,729,30,729,19,729,1,729,2,729,0,729
10-29-2025 14:09:57,3705,0,0,3969,793,4715,42.25,42.25,38.656,39.468,38.343,11,1497,3,1497,4,1497,13,1497,18,729,22,729,8,729,30,729,10,729,0,729,10,729,1,729
10-29-2025 14:09:58,3705,0,0,3969,793,4715,42.093,42.093,38.687,39.5,38.406,9,1497,1,1497,25,1497,2,1497,3,1036,23,1036,8,1036,16,1036,3,729,0,729,18,729,2,729
10-29-2025 14:09:59,3705,0,0,3969,793,4715,42.093,42.093,38.687,39.406,38.281,27,729,2,729,1,729,1,729,1,729,21,729,4,729,18,729,19,729,1,729,5,729,0,729
10-29-2025 14:10:00,3705,0,0,3969,793,4715,42.187,42.187,38.75,39.531,38.343,9,729,21,729,2,729,1,729,0,729,22,729,5,729,18,729,19,729,2,729,1,729,0,729
10-29-2025 14:10:01,3707,0,0,3969,793,4614,42.0,42.0,38.656,39.562,38.312,9,729,23,729,1,729,6,729,2,729,20,729,7,729,19,729,9,729,2,729,11,729,2,729
10-29-2025 14:10:02,3708,0,0,3971,793,4715,42.0,42.0,38.718,39.625,38.218,11,729,19,729,22,729,5,729,0,729,21,729,5,729,20,729,2,729,1,729,20,729,4,729
10-29-2025 14:10:03,3706,0,0,3969,793,4815,42.156,42.25,38.781,39.406,38.406,11,729,5,729,26,729,3,729,2,1113,20,1113,6,1113,17,1113,2,1267,3,1267,17,1267,4,1267
10-29-2025 14:10:04,3707,0,47,3969,793,4715,42.343,42.343,38.593,39.468,38.281,10,1497,19,1497,1,1497,3,1497,0,729,19,729,7,729,0,729,4,729,3,729,33,729,0,729
10-29-2025 14:10:05,3707,0,43,3969,793,4815,42.218,42.218,38.718,39.5,38.312,26,729,19,729,5,729,14,1497,1,729,20,729,5,729,11,729,10,729,13,729,25,729,8,729
10-29-2025 14:10:06,3709,0,0,3969,793,4715,41.968,41.968,38.687,39.406,38.312,19,729,18,729,3,729,7,729,3,729,21,729,4,729,5,729,3,729,1,729,1,729,35,729
10-29-2025 14:10:07,3710,0,0,3969,793,4614,41.968,41.968,38.718,39.5,38.281,10,729,25,729,2,729,2,729,1,729,21,729,5,729,2,729,0,729,0,729,1,729,34,729
10-29-2025 14:10:08,3710,0,0,3969,793,4715,42.218,42.218,38.562,39.5,38.375,6,1497,27,1497,1,1497,4,1497,1,729,22,729,8,729,6,729,2,729,0,729,0,729,34,729
10-29-2025 14:10:09,3710,0,0,3969,793,4715,42.312,42.312,38.625,39.531,38.375,10,1497,20,1497,2,1497,2,1497,1,729,21,729,5,729,0,729,2,729,0,729,0,729,33,729
10-29-2025 14:10:11,3710,0,0,3969,793,4715,42.25,42.25,38.718,39.437,38.343,11,1497,12,1497,6,1497,3,1497,2,960,19,960,17,960,1,960,2,1497,8,1497,2,1497,31,1497
10-29-2025 14:10:12,3712,0,0,3969,793,4614,42.156,42.156,38.781,39.5,38.375,10,729,1,729,2,729,1,729,2,729,20,729,7,729,1,729,1,729,2,729,47,729,8,729
10-29-2025 14:10:13,3713,0,0,3969,793,4614,42.218,42.218,38.593,39.562,38.375,12,729,0,729,2,729,0,729,1,729,20,729,1,729,1,729,1,729,4,729,56,729,1,729
10-29-2025 14:10:14,3712,0,40,3969,793,4815,42.093,42.093,38.687,39.562,38.437,10,1497,2,1497,1,1497,3,1497,0,729,21,729,2,729,0,729,2,960,21,960,41,960,6,960
10-29-2025 14:10:15,3711,0,0,3969,793,4715,42.218,42.218,38.843,39.437,38.406,9,1497,1,1497,1,1497,2,1497,1,729,21,729,2,729,0,729,2,729,0,729,37,729,20,729
10-29-2025 14:10:16,3712,0,49,3969,793,4715,42.031,42.031,38.718,39.375,38.406,10,729,3,729,3,729,2,729,17,729,21,729,3,729,3,729,1,729,6,729,34,729,20,729
10-29-2025 14:10:17,3713,0,9,3969,793,4614,42.062,42.062,38.687,39.656,38.312,9,729,3,729,3,729,2,729,8,729,21,729,6,729,0,729,2,729,2,729,37,729,21,729
10-29-2025 14:10:18,3713,0,0,3969,793,4614,42.031,42.031,38.781,39.593,38.375,8,729,2,729,3,729,1,729,0,729,21,729,0,729,0,729,2,729,0,729,43,729,24,729
10-29-2025 14:10:19,3714,0,18,3969,793,4815,42.093,42.093,38.687,39.468,38.406,10,729,2,729,3,729,1,729,2,729,21,729,3,729,0,729,2,729,1,729,45,729,23,729
10-29-2025 14:10:20,3714,0,0,3969,793,4815,42.125,42.125,38.75,39.656,38.343,9,729,3,729,5,1497,2,1497,13,729,21,729,3,729,3,729,1,729,0,729,38,729,20,729
10-29-2025 14:10:21,3714,0,0,3969,793,4715,42.156,42.156,38.781,39.5,38.375,8,729,2,729,3,1497,0,1497,1,729,21,729,3,729,1,729,0,729,0,729,33,729,23,729
10-29-2025 14:10:22,3714,0,0,3969,793,4614,42.281,42.281,38.718,39.593,38.406,10,729,6,729,5,729,3,729,16,729,9,729,5,729,1,729,2,729,1,729,41,729,16,729
10-29-2025 14:10:23,3715,0,0,3969,793,4614,42.125,42.125,38.687,39.468,38.562,11,729,2,729,1,729,3,729,13,729,4,729,9,729,1,729,0,729,6,729,36,729,27,729
10-29-2025 14:10:24,3714,0,0,3969,793,4815,42.218,42.218,38.812,39.5,38.437,13,1497,1,1497,3,1497,3,1497,14,960,7,960,20,960,2,960,6,729,3,729,34,729,26,729
10-29-2025 14:10:25,3714,0,0,3969,793,4715,42.406,42.406,38.75,39.687,38.406,9,729,0,729,1,729,2,729,18,729,5,729,6,729,3,729,1,729,1,729,35,729,22,729
10-29-2025 14:10:26,3714,0,0,3969,793,4715,42.25,42.25,38.75,39.562,38.468,7,729,0,729,4,729,1,729,20,729,5,729,3,729,1,729,1,729,0,729,36,729,18,729
10-29-2025 14:10:27,3714,0,48,3969,793,4614,42.187,42.187,38.687,39.562,38.375,8,729,1,729,2,729,1,729,15,729,6,729,12,729,2,729,12,729,0,729,17,729,29,729
10-29-2025 14:10:28,3714,0,0,3969,396,4614,42.312,42.312,38.718,39.562,38.343,8,729,1,729,3,729,2,729,1,729,3,729,26,729,1,729,18,729,0,729,3,729,45,729
10-29-2025 14:10:29,3714,0,0,3969,793,4815,42.218,42.218,38.687,39.531,38.468,12,729,11,729,3,729,7,729,21,729,2,729,20,729,0,729,17,729,0,729,13,729,29,729
10-29-2025 14:10:30,3713,0,0,3969,793,4715,42.25,42.25,38.875,39.625,38.437,9,1497,2,1497,1,1497,1,1497,22,729,4,729,0,729,0,729,22,729,1,729,18,729,21,729
10-29-2025 14:10:31,3713,0,0,3969,793,4715,42.281,42.281,38.718,39.531,38.5,8,729,1,729,2,729,4,729,21,729,0,729,1,729,0,729,19,729,4,729,17,729,19,729
10-29-2025 14:10:32,3713,0,0,3969,793,4715,42.25,42.25,38.781,39.593,38.281,10,729,3,729,2,729,2,729,35,729,1,729,12,729,0,729,17,729,4,729,18,729,4,729
10-29-2025 14:10:33,3713,0,0,3969,793,4715,42.312,42.312,38.75,39.593,38.406,12,1497,4,1497,3,1497,3,1497,33,729,1,729,26,729,7,729,18,729,7,729,18,729,0,729
10-29-2025 14:10:34,3712,0,0,3969,793,4715,42.156,42.156,38.718,39.593,38.406,10,729,3,729,6,729,2,729,18,729,2,729,27,729,2,729,18,729,8,729,16,729,1,729
10-29-2025 14:10:35,3712,0,34,3969,793,4715,42.468,42.468,38.781,39.656,38.343,10,729,1,729,2,729,2,729,0,729,0,729,13,729,16,729,36,729,1,729,16,729,0,729
10-29-2025 14:10:36,3712,0,47,3969,793,4715,42.093,42.093,38.781,39.468,38.406,9,729,2,729,1,729,1,729,0,729,0,729,1,729,25,729,20,729,2,729,35,729,0,729
10-29-2025 14:10:37,3712,0,0,3969,793,4715,42.187,42.187,38.687,39.531,38.406,11,1497,10,1497,8,1497,8,1497,0,729,2,729,1,729,24,729,27,729,1,729,25,729,3,729
10-29-2025 14:10:38,3714,0,0,3969,793,4614,42.218,42.218,38.781,39.5,38.437,10,729,3,729,3,729,3,729,6,729,0,729,19,729,4,729,33,729,3,729,29,729,0,729
10-29-2025 14:10:39,3714,0,0,3969,793,4715,42.25,42.25,38.875,39.5,38.406,7,729,3,729,3,729,4,729,4,729,3,729,21,729,1,729,26,729,3,729,37,729,0,729
10-29-2025 14:10:40,3714,0,2,3969,793,4715,42.187,42.187,38.718,39.562,38.531,9,729,3,729,1,729,3,729,2,729,1,729,21,729,2,729,25,729,2,729,25,729,5,729
10-29-2025 14:10:41,3714,0,1,3969,793,4715,42.312,42.312,38.812,39.593,38.437,8,729,2,729,0,729,3,729,2,729,0,729,22,729,1,729,20,729,22,729,9,729,11,729
10-29-2025 14:10:42,3714,0,49,3969,793,4715,42.218,42.218,38.812,39.687,38.406,26,729,4,729,2,729,3,729,16,729,3,729,7,729,1,729,15,729,24,729,16,729,4,729
10-29-2025 14:10:43,3714,0,0,3969,793,4614,42.156,42.156,38.875,39.5,38.5,8,729,1,729,0,729,0,729,23,729,1,729,1,729,0,729,24,729,18,729,18,729,1,729
10-29-2025 14:10:44,3714,0,0,3969,793,4715,42.218,42.218,38.812,39.5,38.437,9,729,8,729,2,729,1,729,30,729,1,729,3,729,1,729,16,729,17,729,23,729,1,729
10-29-2025 14:10:45,3715,0,0,3969,793,4715,42.125,42.125,38.718,39.531,38.5,8,729,26,729,5,729,3,729,23,729,0,729,0,729,1,729,0,729,20,729,20,729,7,729
10-29-2025 14:10:46,3711,0,0,3969,793,4815,42.375,42.375,38.781,39.656,38.468,17,729,0,729,7,729,13,729,40,729,1,729,2,729,5,729,3,729,17,729,13,729,10,729
10-29-2025 14:10:47,3711,0,0,3969,793,4715,42.25,42.25,38.812,39.656,38.437,28,1497,2,1497,4,1497,0,1497,36,729,1,729,4,729,0,729,5,729,18,729,2,729,0,729
10-29-2025 14:10:48,3711,0,0,3969,793,4614,42.187,42.187,38.875,39.5,38.531,25,729,2,729,4,729,2,729,22,729,1,729,21,729,0,729,17,729,3,729,0,729,1,729
10-29-2025 14:10:49,3711,0,0,3969,793,4715,42.312,42.312,38.75,39.593,38.531,16,729,16,729,6,729,1,729,36,729,3,729,15,729,7,729,12,729,1,729,1,729,1,729
10-29-2025 14:10:50,3711,0,49,3969,793,4815,42.531,42.531,38.687,39.687,38.437,9,729,18,729,3,729,6,729,23,729,24,729,2,729,18,729,3,883,4,883,1,883,13,883
10-29-2025 14:10:51,3712,0,6,3969,793,4715,42.187,42.187,38.781,39.625,38.5,12,729,20,729,1,1497,4,1497,20,729,19,729,5,729,20,729,0,729,5,729,1,729,6,729
10-29-2025 14:10:52,3712,0,47,3969,793,4715,42.125,42.125,38.875,39.531,38.5,12,729,16,729,2,729,0,729,22,729,20,729,3,729,19,729,1,729,1,729,0,729,0,729
10-29-2025 14:10:53,3712,0,49,3969,793,4614,42.156,42.156,38.875,39.593,38.625,14,729,16,729,3,729,0,729,21,729,22,729,2,729,21,729,0,729,1,729,1,729,0,729
10-29-2025 14:10:54,3712,0,0,3969,793,4715,42.25,42.25,38.843,39.718,38.5,20,729,7,729,2,729,2,729,19,729,29,729,17,729,10,729,1,729,6,729,2,729,1,729
10-29-2025 14:10:55,3711,0,0,3969,793,4715,42.5,42.5,38.843,39.687,38.5,16,729,12,729,4,729,1,729,29,729,6,729,28,729,13,729,3,729,2,729,4,729,13,729
10-29-2025 14:10:56,3711,0,0,3969,793,4715,42.25,42.25,38.843,39.531,38.562,7,729,18,729,1,729,0,729,7,729,19,729,22,729,19,729,1,729,2,729,0,729,2,729
10-29-2025 14:10:57,3711,0,0,3969,793,4715,42.281,42.281,38.968,39.625,38.5,8,729,18,729,0,729,0,729,11,729,21,729,13,729,21,729,4,729,0,729,1,729,0,729
10-29-2025 14:10:58,3711,0,0,3969,793,4614,42.281,42.281,38.75,39.625,38.406,8,729,16,729,1,729,1,729,1,729,19,729,4,729,21,729,23,729,0,729,0,729,1,729
10-29-2025 14:10:59,3712,0,0,3969,793,4715,42.218,42.218,38.875,39.718,38.562,14,729,21,729,4,729,3,729,1,729,29,729,3,729,19,729,3,729,22,729,3,729,18,729
10-29-2025 14:11:00,3712,0,0,3969,793,4715,42.437,42.281,38.906,39.468,38.531,8,729,18,729,3,729,2,729,3,729,32,729,1,729,17,729,2,729,19,729,0,729,1,729
10-29-2025 14:11:01,3712,0,44,3969,793,4715,42.25,42.25,38.843,39.625,38.5,8,729,17,729,2,729,1,729,7,729,30,729,3,729,5,729,1,729,21,729,0,729,0,729
10-29-2025 14:11:02,3712,0,30,3969,793,4715,42.218,42.218,38.843,39.593,38.562,8,729,18,729,0,729,1,729,3,729,21,729,6,729,19,729,2,729,21,729,0,729,2,729
10-29-2025 14:11:03,3713,0,28,3969,793,4715,42.406,42.406,38.781,39.625,38.5,8,1497,18,1497,2,1497,3,1497,9,729,27,729,5,729,8,729,4,883,20,883,1,883,12,883
10-29-2025 14:11:04,3714,0,0,3969,793,4715,42.218,42.218,38.875,39.562,38.531,15,729,15,729,5,729,3,729,23,729,3,729,19,729,0,729,25,729,3,729,1,729,7,729
10-29-2025 14:11:05,3715,0,0,3971,793,4715,42.281,42.281,38.875,39.625,38.593,24,729,2,729,0,729,2,729,26,729,1,729,11,729,9,729,21,729,4,729,0,729,2,729
10-29-2025 14:11:06,3714,0,0,3971,793,4715,42.5,42.5,38.812,39.562,38.593,28,729,2,729,0,729,1,729,23,729,0,729,16,729,7,729,20,729,1,729,1,729,1,729
10-29-2025 14:11:07,3714,0,0,3971,793,4715,42.593,42.593,38.906,39.656,38.468,27,729,1,729,1,729,1,729,18,729,0,729,16,729,10,729,15,729,0,729,7,729,0,729
10-29-2025 14:11:08,3715,0,0,3969,793,4614,42.406,42.406,38.875,39.781,38.406,26,729,3,729,1,729,1,729,19,729,0,729,2,729,23,729,18,729,15,729,8,729,1,729
10-29-2025 14:11:09,3716,0,0,3969,793,4614,42.25,42.25,38.906,39.562,38.562,21,729,11,729,3,729,3,729,23,729,2,729,5,729,19,729,11,729,10,729,0,729,5,729
10-29-2025 14:11:10,3716,0,0,3969,793,4715,42.218,42.218,38.937,39.625,38.593,11,729,16,729,1,729,3,729,28,729,1,729,7,729,9,729,8,729,20,729,0,729,0,729
10-29-2025 14:11:11,3716,0,47,3969,793,4715,42.375,42.375,38.812,39.687,38.593,12,729,10,729,8,729,4,729,23,729,1,729,4,729,2,729,19,729,21,729,2,729,4,729
10-29-2025 14:11:12,3717,0,49,3969,793,4715,42.562,42.562,38.843,39.593,38.531,18,729,5,729,16,729,1,729,23,729,0,729,4,729,2,729,14,729,21,729,11,729,11,729
10-29-2025 14:11:13,3717,0,0,3969,793,4614,42.281,42.281,38.906,39.593,38.562,9,729,18,729,19,729,2,729,20,729,1,729,4,729,3,729,0,729,22,729,0,729,0,729
10-29-2025 14:11:14,3717,0,0,3971,793,4614,42.312,42.312,38.968,39.625,38.593,18,729,4,729,14,729,13,729,22,729,0,729,6,729,0,729,0,729,22,729,5,729,0,729
10-29-2025 14:11:15,3717,0,0,3969,793,4715,42.468,42.468,38.843,39.656,38.562,13,729,5,729,22,729,22,729,24,729,1,729,6,729,5,729,1,729,22,729,1,729,0,729
10-29-2025 14:11:16,3718,0,0,3969,793,4815,42.437,42.437,38.906,39.75,38.531,37,1497,20,1497,16,1497,14,1497,5,1497,3,1497,7,1497,3,1497,14,960,12,960,2,960,2,960
10-29-2025 14:11:17,3718,0,0,3969,793,4715,42.5,42.5,38.906,39.625,38.531,31,729,5,729,14,729,1,729,19,729,0,729,3,729,1,729,1,729,21,729,4,729,2,729
10-29-2025 14:11:18,3718,0,0,3969,793,4614,42.25,42.25,39.0,39.625,38.562,8,729,3,729,18,729,0,729,19,729,1,729,2,729,1,729,11,729,4,729,10,729,20,729
10-29-2025 14:11:19,3718,0,0,3969,793,4614,42.312,42.312,38.906,39.687,38.593,8,729,3,729,9,729,2,729,4,729,3,729,15,729,3,729,3,729,11,729,11,729,31,729
10-29-2025 14:11:20,3718,0,0,3969,793,4715,42.468,42.468,38.843,39.843,38.593,8,729,6,729,4,729,5,729,14,729,0,729,8,729,3,729,0,729,19,729,6,729,47,729
10-29-2025 14:11:21,3717,0,46,3969,793,4815,42.375,42.375,38.906,39.812,38.625,9,729,19,729,8,729,7,1497,17,729,2,729,4,729,9,729,16,729,22,729,4,729,30,729
10-29-2025 14:11:22,3717,0,48,3969,793,4715,42.375,42.375,38.906,39.656,38.625,8,729,0,729,0,729,1,1497,17,729,2,729,7,729,3,729,22,729,10,729,13,729,22,729
10-29-2025 14:11:23,3716,0,49,3969,793,4715,42.406,42.406,39.0,39.656,38.656,8,729,1,729,1,729,1,729,18,729,5,729,2,729,4,729,21,729,1,729,20,729,22,729
10-29-2025 14:11:24,3716,0,0,3969,793,4614,42.312,42.187,38.906,39.718,38.531,8,729,0,729,1,729,3,729,5,729,20,729,3,729,2,729,18,729,0,729,21,729,21,729
10-29-2025 14:11:25,3717,0,0,3969,793,4715,42.343,42.343,38.906,39.687,38.593,21,729,0,729,5,729,2,1497,13,729,10,729,7,729,2,729,13,729,9,729,14,729,28,729
10-29-2025 14:11:26,3715,0,0,3969,793,4715,42.343,42.343,38.968,39.718,38.656,11,1497,2,1497,2,1497,2,1497,23,729,3,729,2,729,1,729,7,729,22,729,13,729,25,729
10-29-2025 14:11:27,3715,0,0,3971,793,4715,42.531,42.531,38.875,39.656,38.531,10,729,0,729,0,729,1,729,22,729,4,729,1,729,3,729,0,729,31,729,9,729,18,729
10-29-2025 14:11:28,3716,0,0,3971,793,4715,42.375,42.375,38.906,39.75,38.5,8,729,0,729,0,729,2,729,36,729,2,729,9,729,0,729,0,729,19,729,3,729,19,729
10-29-2025 14:11:29,3717,0,0,3969,793,4715,42.375,42.375,38.906,39.562,38.593,13,1497,15,1497,1,1497,2,1497,25,729,3,729,19,729,2,729,2,729,19,729,2,729,18,729
10-29-2025 14:11:30,3717,0,0,3969,793,4614,42.375,42.375,38.906,39.812,38.625,9,729,1,729,0,729,2,729,10,729,36,729,3,729,2,729,0,729,28,729,0,729,18,729
10-29-2025 14:11:31,3717,0,0,3969,793,4715,42.25,42.25,38.906,39.812,38.593,8,729,11,729,2,729,1,729,8,729,25,729,16,729,2,729,2,729,28,729,0,729,18,729
10-29-2025 14:11:32,3715,0,22,3969,793,4715,42.312,42.312,38.937,39.656,38.625,8,1497,2,1497,1,1497,1,1497,11,729,12,729,22,729,2,729,2,729,20,729,1,729,18,729
10-29-2025 14:11:33,3715,0,10,3969,793,4715,42.375,42.375,38.843,39.718,38.656,6,729,1,729,0,729,2,729,19,729,4,729,21,729,3,729,0,729,20,729,0,729,19,729
10-29-2025 14:11:34,3715,0,47,3969,793,4715,42.625,42.625,38.968,39.687,38.562,10,729,6,729,1,729,18,729,17,729,22,729,8,729,4,729,0,729,19,729,0,729,22,729
10-29-2025 14:11:35,3714,0,0,3969,793,4614,42.343,42.343,38.906,39.625,38.593,7,729,1,729,1,729,1,729,2,729,28,729,15,729,2,729,11,729,25,729,0,729,8,729
10-29-2025 14:11:36,3715,0,0,3969,793,4715,42.375,42.375,38.937,39.687,38.593,12,729,3,729,1,729,5,729,6,729,25,729,15,729,3,729,5,729,27,729,1,729,9,729
10-29-2025 14:11:37,3715,0,0,3969,793,4715,42.531,42.531,38.906,39.718,38.625,9,729,1,729,3,729,1,729,13,729,13,729,19,729,3,729,0,729,22,729,0,729,17,729
10-29-2025 14:11:38,3716,0,0,3969,793,4715,42.437,42.25,38.937,39.875,38.625,10,729,2,729,3,729,15,729,2,729,25,729,14,729,9,729,4,729,19,729,1,729,17,729
10-29-2025 14:11:39,3716,0,0,3969,793,4715,42.437,42.437,38.906,39.625,38.562,10,729,3,729,0,729,4,729,2,729,25,729,18,729,1,729,3,729,9,729,9,729,18,729
10-29-2025 14:11:40,3717,0,0,3969,793,4614,42.281,42.281,39.062,39.781,38.625,9,729,0,729,0,729,0,729,21,729,1,729,19,729,3,729,0,729,2,729,22,729,25,729
10-29-2025 14:11:41,3716,0,0,3969,793,4715,42.343,42.343,38.968,39.781,38.562,16,729,2,729,3,729,1,729,20,729,2,729,19,729,2,729,5,729,3,729,30,729,23,729
10-29-2025 14:11:42,3715,0,49,3969,793,4815,42.531,42.531,38.906,39.718,38.656,12,729,3,729,4,729,12,729,21,729,0,729,22,729,1,729,7,729,3,729,26,729,19,729
10-29-2025 14:11:43,3716,0,20,3969,793,4715,42.312,42.312,38.937,39.656,38.625,8,729,0,729,0,729,1,729,20,729,1,729,0,729,19,729,7,729,1,729,20,729,19,729
10-29-2025 14:11:44,3716,0,37,3969,793,4715,42.343,42.343,39.062,39.687,38.656,9,729,2,729,1,729,1,729,4,729,17,729,1,729,19,729,6,729,4,729,10,729,30,729
10-29-2025 14:11:45,3716,0,47,3971,793,4614,42.468,42.468,38.906,39.687,38.656,8,729,3,729,0,729,3,729,1,729,20,729,1,729,18,729,4,729,0,729,9,729,35,729
10-29-2025 14:11:46,3717,0,0,3969,793,4715,42.718,42.718,38.968,39.718,38.593,11,729,0,729,1,729,5,1497,5,729,15,729,2,729,18,729,7,729,3,729,10,729,39,729
10-29-2025 14:11:47,3718,0,0,3969,793,4715,42.406,42.406,38.937,39.781,38.593,12,729,2,729,2,729,13,729,21,729,0,729,2,729,18,729,11,729,1,729,1,729,43,729
10-29-2025 14:11:48,3718,0,0,3969,793,4715,42.437,42.437,38.906,39.75,38.593,9,729,1,729,0,729,0,729,26,729,0,729,2,729,19,729,6,729,3,729,10,729,29,729
10-29-2025 14:11:49,3719,0,0,3969,793,4715,42.375,42.375,38.968,39.781,38.687,11,729,2,729,0,729,2,729,36,729,4,729,3,729,20,729,5,729,3,729,0,729,18,729
10-29-2025 14:11:50,3718,0,0,3969,793,4614,42.468,42.468,38.937,39.812,38.562,10,729,2,729,0,729,0,729,37,729,2,729,4,729,18,729,5,729,1,729,1,729,18,729
10-29-2025 14:11:51,3720,0,0,3971,793,4715,42.718,42.718,38.937,39.843,38.656,23,729,6,729,6,729,4,729,31,729,1,729,25,729,11,729,15,729,2,729,5,729,9,729
10-29-2025 14:11:52,3720,0,32,3971,793,4715,42.375,42.375,39.031,39.781,38.625,11,729,0,729,2,729,1,729,32,729,15,729,23,729,5,729,24,729,0,729,0,729,2,729
10-29-2025 14:11:53,3720,0,49,3971,793,4715,42.437,42.437,39.0,39.718,38.656,10,729,1,729,0,729,0,729,20,729,16,729,23,729,6,729,23,729,0,729,1,729,1,729
10-29-2025 14:11:54,3720,0,45,3969,793,4715,42.625,42.625,38.937,39.812,38.625,10,729,0,729,2,729,3,729,17,729,15,729,27,729,3,729,18,729,1,729,1,729,3,729
10-29-2025 14:11:55,3722,0,13,3969,793,4715,42.375,42.375,39.062,39.687,38.656,10,729,3,729,14,729,1,729,40,729,16,729,8,729,6,729,5,729,5,729,2,729,11,729
10-29-2025 14:11:56,3723,0,0,3971,793,4614,42.468,42.468,39.031,39.75,38.656,8,729,1,729,6,1497,2,1497,36,729,0,729,26,729,5,729,1,729,5,729,0,729,20,729
10-29-2025 14:11:57,3723,0,0,3969,793,4715,42.5,42.5,38.968,39.781,38.687,12,729,0,729,1,729,1,729,25,729,2,729,22,729,17,729,1,729,5,729,3,729,19,729
10-29-2025 14:11:58,3723,0,0,3969,793,4715,42.343,42.343,39.0,39.843,38.562,10,729,1,729,0,729,0,729,18,729,0,729,13,729,13,729,4,729,1,729,0,729,43,729
10-29-2025 14:11:59,3724,0,0,3969,793,4715,42.375,42.375,39.031,39.75,38.687,12,1497,6,1497,2,1497,4,1497,20,1420,0,1420,15,1420,8,1420,3,729,0,729,0,729,38,729
10-29-2025 14:12:00,3724,0,0,3971,793,4614,42.468,42.468,39.062,39.812,38.687,11,1497,3,1497,13,1497,2,1497,21,729,1,729,0,729,18,729,4,729,4,729,0,729,36,729
10-29-2025 14:12:01,3724,0,0,3971,793,4614,42.562,42.562,39.0,39.812,38.562,8,729,1,729,2,729,2,729,20,729,0,729,4,729,19,729,4,729,0,729,0,729,40,729
10-29-2025 14:12:02,3726,0,0,3969,793,4715,42.375,42.375,39.0,39.75,38.656,10,729,4,729,4,1497,2,1497,29,729,0,729,2,729,10,729,4,729,2,729,0,729,42,729
10-29-2025 14:12:03,3725,0,8,3969,793,4715,42.375,42.375,39.062,39.687,38.656,12,729,4,729,3,729,1,729,24,729,0,729,0,729,16,729,3,729,1,729,0,729,42,729
10-29-2025 14:12:04,3725,0,0,3969,793,4715,42.593,42.593,38.937,39.75,38.593,24,729,4,729,6,729,7,729,21,729,0,729,1,729,18,729,5,729,5,729,1,729,38,729
10-29-2025 14:12:05,3725,0,49,3969,793,4614,42.437,42.437,38.968,39.718,38.656,9,729,2,729,4,729,2,729,21,729,0,729,1,729,19,729,3,729,0,729,1,729,38,729
10-29-2025 14:12:06,3725,0,0,3969,793,4614,42.531,42.531,39.093,39.625,38.593,9,729,2,729,3,729,0,729,23,729,0,729,0,729,19,729,2,729,1,729,1,729,39,729
10-29-2025 14:12:07,3725,0,0,3969,793,4715,42.531,42.531,39.0,39.75,38.656,8,729,3,729,2,729,6,729,26,729,0,729,0,729,17,729,2,729,2,729,1,729,46,729
10-29-2025 14:12:08,3725,0,0,3969,793,4815,42.718,42.718,38.968,39.843,38.625,10,729,9,729,2,729,12,729,26,729,1,729,0,729,19,729,1,729,3,729,1,729,45,729
10-29-2025 14:12:09,3725,0,0,3971,793,4715,42.375,42.375,39.031,39.781,38.687,8,729,1,729,3,729,0,729,12,729,0,729,16,729,16,729,3,729,2,729,2,729,39,729
10-29-2025 14:12:10,3725,0,0,3971,793,4715,42.406,42.406,39.062,39.781,38.656,8,729,4,729,1,729,1,729,24,729,7,729,13,729,0,729,2,729,3,729,2,729,40,729
10-29-2025 14:12:11,3725,0,0,3971,793,4614,42.687,42.687,39.0,39.812,38.656,10,729,1,729,2,729,4,729,24,729,19,729,3,729,0,729,0,729,0,729,0,729,40,729
10-29-2025 14:12:12,3725,0,0,3969,793,4715,42.406,42.406,38.968,39.812,38.687,9,729,1,729,3,729,1,729,25,729,19,729,0,729,3,729,2,729,1,729,3,729,45,729
10-29-2025 14:12:13,3725,0,0,3969,793,4715,42.375,42.375,39.062,39.75,38.687,8,729,4,729,0,729,4,729,21,729,10,729,15,729,6,729,18,729,1,729,0,729,37,729
10-29-2025 14:12:14,3725,0,2,3969,793,4715,42.562,42.562,38.906,39.718,38.781,8,729,0,729,1,729,1,1497,26,729,7,729,2,729,17,729,19,729,1,729,2,729,21,729
10-29-2025 14:12:15,3715,0,1,3969,793,4715,42.468,42.468,39.0,39.906,38.625,9,729,1,729,1,729,3,1497,19,729,2,729,9,729,19,729,18,729,1,729,0,729,22,729
10-29-2025 14:12:16,3716,0,49,3969,793,4715,42.437,42.437,39.062,39.843,38.656,11,729,2,729,0,729,4,729,25,729,0,729,1,729,19,729,14,729,2,729,0,729,23,729
10-29-2025 14:12:17,3716,0,0,3971,793,4715,42.5,42.5,39.125,39.781,38.687,10,729,19,729,5,729,6,729,8,729,10,729,23,729,10,729,5,729,2,729,2,729,39,729
10-29-2025 14:12:18,3715,0,0,3969,793,4715,42.687,42.687,38.937,39.843,38.687,19,729,0,729,2,729,0,729,9,729,18,729,7,729,12,729,0,729,0,729,2,729,37,729
10-29-2025 14:12:19,3715,0,2,3969,793,4715,42.468,42.468,39.0,39.937,38.656,9,729,1,729,1,729,1,729,4,729,12,729,26,729,21,729,1,729,20,729,2,729,8,729
10-29-2025 14:12:20,3716,0,0,3969,793,4715,42.531,42.531,39.062,39.812,38.75,8,729,1,729,0,729,0,729,5,729,8,729,33,729,20,729,2,729,19,729,2,729,0,729
10-29-2025 14:12:21,3715,0,0,3969,793,4715,42.75,42.75,39.156,39.812,38.687,25,729,4,1497,3,1497,7,1497,14,729,24,729,23,729,12,729,3,1497,11,1497,7,1497,4,1497
10-29-2025 14:12:22,3716,0,0,3971,793,4614,42.343,42.343,39.062,39.843,38.687,12,1497,1,1497,2,1497,1,1497,4,729,13,729,45,729,34,729,1,729,0,729,2,729,0,729
10-29-2025 14:12:23,3716,0,0,3969,793,4715,42.687,42.437,39.031,39.937,38.687,9,729,3,729,2,729,0,729,13,729,24,729,36,729,19,729,0,729,0,729,0,729,0,729
10-29-2025 14:12:24,3716,0,0,3971,793,4715,42.468,42.468,39.031,39.781,38.75,7,729,2,729,1,729,0,729,23,729,12,729,43,729,13,729,0,729,1,729,3,729,0,729
10-29-2025 14:12:25,3716,0,26,3969,793,4715,42.593,42.593,39.187,39.75,38.781,9,1497,7,1497,1,1497,1,1497,22,729,8,729,38,729,17,729,2,729,0,729,2,729,2,729
10-29-2025 14:12:26,3717,0,12,3969,793,4715,42.718,42.718,38.968,39.937,38.687,9,1497,9,1497,2,1497,3,1497,14,729,4,729,25,729,37,729,1,1420,1,1420,1,1420,3,1420
10-29-2025 14:12:27,3717,0,0,3969,793,4614,42.437,42.437,39.156,39.75,38.687,15,729,4,729,3,729,1,729,11,729,11,729,39,729,28,729,1,729,1,729,0,729,2,729
10-29-2025 14:12:28,3718,0,0,3969,793,4715,42.593,42.593,39.125,39.812,38.718,8,729,3,729,1,729,1,729,3,1344,6,1344,43,1344,40,1344,0,1497,1,1497,2,1497,0,1497
10-29-2025 14:12:29,3719,0,0,3969,793,4715,42.625,42.625,39.031,39.812,38.625,9,729,2,729,1,1497,0,1497,1,729,20,729,20,729,46,729,3,729,0,729,2,729,1,729
10-29-2025 14:12:30,3719,0,0,3969,793,4715,42.718,42.718,39.093,39.843,38.656,8,729,16,729,4,729,4,729,4,729,16,729,22,729,39,729,4,729,1,729,1,729,0,729
10-29-2025 14:12:31,3718,0,8,3969,793,4715,42.468,42.468,39.093,39.781,38.718,11,729,2,729,0,729,2,729,1,729,22,729,22,729,38,729,1,729,0,729,1,729,1,729
10-29-2025 14:12:32,3717,0,0,3969,793,4614,42.5,42.5,39.093,39.812,38.75,14,1497,1,1497,3,1497,3,1497,16,729,3,729,23,729,41,729,2,729,2,729,1,729,1,729
10-29-2025 14:12:33,3717,0,0,3971,793,4715,42.781,42.781,39.031,39.812,38.656,8,1420,1,1420,1,1420,4,1420,22,729,0,729,22,729,49,729,1,1190,3,1190,0,1190,2,1190
10-29-2025 14:12:34,3718,0,1,3971,793,4815,42.468,42.468,39.062,39.906,38.656,24,729,4,729,6,729,4,729,20,1344,3,1344,41,1344,27,1344,2,1420,2,1420,2,1420,3,1420
10-29-2025 14:12:35,3717,0,0,3969,793,4715,42.5,42.5,39.0,39.781,38.781,10,729,4,729,1,729,3,729,1,729,24,729,56,729,4,729,0,729,2,729,0,729,1,729
10-29-2025 14:12:36,3717,0,27,3971,793,4715,42.75,42.75,39.125,39.812,38.812,7,729,1,729,2,729,3,729,3,729,25,729,41,729,17,729,0,729,1,729,0,729,0,729
10-29-2025 14:12:37,3718,0,0,3971,396,4614,42.5,42.5,38.968,39.812,38.687,7,729,1,729,2,729,8,729,0,729,23,729,39,729,19,729,5,729,1,729,0,729,1,729
10-29-2025 14:12:38,3718,0,0,3971,793,4715,42.843,42.843,39.0,39.906,38.781,11,1497,4,1497,1,1497,8,1497,14,729,10,729,37,729,47,729,2,960,3,960,1,960,3,960
10-29-2025 14:12:39,3719,0,0,3971,793,4815,42.562,42.562,39.031,39.75,38.687,30,729,2,729,1,729,4,729,9,729,3,729,21,729,33,729,3,729,3,729,1,729,0,729
10-29-2025 14:12:40,3718,0,0,3969,793,4715,42.593,42.593,39.281,39.718,38.812,29,729,1,729,2,729,0,729,7,729,14,729,36,729,2,729,1,729,1,729,2,729,1,729
10-29-2025 14:12:42,3718,0,0,3969,793,4715,42.5,42.5,39.062,39.875,38.718,30,729,2,729,1,729,0,729,6,729,16,729,38,729,1,729,0,729,1,729,0,729,0,729
10-29-2025 14:12:43,3718,0,0,3971,793,4614,42.843,42.843,39.0,40.0,38.75,27,729,3,729,2,729,1,729,0,729,22,729,36,729,3,729,1,729,0,729,0,729,0,729
10-29-2025 14:12:44,3719,0,0,3971,793,4715,42.562,42.562,39.187,39.812,38.718,26,1497,19,1497,5,1497,14,1497,1,806,19,806,37,806,3,806,3,729,3,729,2,729,2,729
10-29-2025 14:12:45,3719,0,0,3969,793,4715,42.531,42.531,39.187,39.812,38.781,14,729,2,1497,2,1497,28,1497,4,729,19,729,41,729,1,729,3,729,2,729,0,729,2,729
10-29-2025 14:12:46,3719,0,0,3969,793,4715,42.75,42.75,39.125,39.812,38.718,8,729,1,729,4,729,21,729,21,729,0,729,41,729,0,729,0,729,1,729,1,729,0,729
10-29-2025 14:12:47,3719,0,0,3969,793,4715,42.656,42.656,39.125,40.0,38.718,12,729,17,729,2,729,7,729,21,729,0,729,39,729,0,729,0,729,1,729,2,729,0,729
10-29-2025 14:12:48,3719,0,46,3971,793,4715,42.656,42.656,39.062,39.843,38.718,10,729,10,729,14,729,13,729,20,729,2,729,42,729,0,729,2,729,1,729,2,729,0,729
10-29-2025 14:12:49,3720,0,0,3971,793,4715,42.656,42.656,39.156,39.812,38.812,9,1497,3,1497,0,1497,22,1497,20,729,0,729,41,729,4,729,2,729,4,729,3,729,0,729
10-29-2025 14:12:50,3720,0,0,3971,793,4715,42.656,42.5,39.093,39.906,38.687,11,729,3,729,1,729,27,1497,7,729,16,729,41,729,0,729,2,729,0,729,8,729,1,729
10-29-2025 14:12:51,3720,0,35,3971,793,4715,42.781,42.781,39.125,39.968,38.656,7,1036,1,1036,3,1036,22,1036,20,729,3,729,41,729,0,729,0,729,1,729,2,729,0,729
10-29-2025 14:12:52,3721,0,0,3971,793,4715,42.625,42.625,39.125,39.812,38.687,16,1497,2,1497,19,1497,4,1497,19,960,2,960,41,960,0,960,3,1497,6,1497,5,1497,5,1497
10-29-2025 14:12:53,3720,0,0,3971,793,4614,42.5,42.5,39.187,39.781,38.75,9,729,1,729,19,729,8,729,3,729,20,729,38,729,0,729,0,729,0,729,0,729,0,729
10-29-2025 14:12:54,3720,0,0,3969,793,4614,42.718,42.718,39.062,39.937,38.718,10,729,4,729,23,729,4,1497,1,729,2,729,36,729,2,729,20,729,6,729,0,729,0,729
10-29-2025 14:12:55,3720,0,0,3971,793,4715,42.5,42.5,39.125,40.0,38.687,11,729,3,729,27,729,7,729,7,729,4,729,37,729,6,729,14,729,9,729,1,729,0,729
10-29-2025 14:12:56,3720,0,19,3971,793,4715,42.531,42.531,39.125,39.812,38.781,13,729,2,729,25,729,3,729,2,729,2,729,38,729,3,729,0,729,22,729,0,729,0,729
10-29-2025 14:12:57,3720,0,0,3969,793,4715,42.593,42.593,39.312,39.812,38.781,14,729,13,729,8,729,2,729,0,729,2,729,37,729,16,729,1,729,16,729,12,729,0,729
10-29-2025 14:12:58,3720,0,49,3971,793,4715,42.718,42.718,39.093,39.906,38.687,12,729,21,729,2,729,1,729,1,729,0,729,20,729,18,729,2,729,21,729,0,729,0,729
10-29-2025 14:12:59,3720,0,0,3971,793,4614,42.562,42.562,39.031,40.0,38.75,16,729,24,729,3,729,2,729,2,729,0,729,24,729,19,729,1,729,23,729,1,729,1,729
10-29-2025 14:13:00,3720,0,0,3971,793,4715,42.562,42.562,39.218,39.812,38.812,11,729,27,729,2,729,5,729,7,729,1,729,21,729,19,729,2,729,12,729,8,729,1,729
10-29-2025 14:13:01,3720,0,0,3971,793,4815,42.562,42.562,39.25,39.906,38.781,15,729,5,729,21,729,3,729,1,729,2,729,21,729,28,729,1,729,1,729,22,729,6,729
10-29-2025 14:13:02,3720,0,15,3969,793,4715,42.593,42.593,39.156,39.875,38.687,11,729,2,729,23,729,1,729,0,729,0,729,1,729,35,729,0,729,3,729,23,729,3,729
10-29-2025 14:13:03,3720,0,0,3969,793,4715,42.781,42.781,39.156,40.0,38.75,9,729,3,729,19,729,1,1497,1,729,0,729,0,729,33,729,1,729,2,729,21,729,2,729
10-29-2025 14:13:04,3721,0,0,3969,793,4614,42.531,42.531,39.125,39.781,38.75,9,729,4,729,21,729,3,729,1,729,0,729,3,729,34,729,1,729,17,729,13,729,6,729
10-29-2025 14:13:05,3720,0,0,3971,793,4715,42.656,42.656,39.156,39.812,38.843,14,1497,4,1497,27,1497,6,1497,7,729,17,729,18,729,22,729,4,729,9,729,16,729,3,729
10-29-2025 14:13:06,3721,0,0,3971,793,4715,42.781,42.781,39.125,39.937,38.656,12,729,3,729,25,729,8,729,3,729,3,729,18,729,19,729,1,729,3,729,20,729,2,729
10-29-2025 14:13:07,3721,0,16,3971,793,4715,42.437,42.437,39.125,40.0,38.75,9,729,3,729,21,729,6,729,0,729,0,729,18,729,19,729,0,729,21,729,0,729,0,729
10-29-2025 14:13:08,3721,0,4,3971,793,4715,42.593,42.593,39.25,39.906,38.718,8,729,0,729,22,729,5,729,0,729,0,729,18,729,19,729,2,729,18,729,4,729,2,729
10-29-2025 14:13:09,3721,0,47,3971,793,4715,42.562,42.562,39.156,39.906,38.781,9,729,1,729,22,729,5,729,0,729,0,729,16,729,24,729,4,729,19,729,6,729,2,729
10-29-2025 14:13:10,3723,0,0,3971,793,4715,42.781,42.781,39.093,39.906,38.718,10,729,3,729,9,729,7,729,3,729,13,729,6,729,26,729,4,729,22,729,38,729,3,729
10-29-2025 14:13:11,3724,0,0,3971,793,4715,42.687,42.687,39.125,40.0,38.718,13,729,1,729,0,729,2,729,0,729,0,729,2,729,19,729,3,729,11,729,53,729,11,729
10-29-2025 14:13:12,3724,0,0,3971,793,4715,42.593,42.593,39.156,39.906,38.75,17,729,2,729,3,729,0,729,19,729,0,729,1,729,21,729,1,729,11,729,12,729,23,729
10-29-2025 14:13:13,3724,0,0,3971,793,4715,42.593,42.593,39.25,39.812,38.687,12,729,3,729,2,729,0,729,0,729,18,729,2,729,19,729,2,729,21,729,0,729,22,729
10-29-2025 14:13:14,3725,0,0,3971,793,4715,42.781,42.781,39.281,40.031,38.75,8,729,5,729,1,729,0,729,17,729,26,729,7,729,18,729,2,729,21,729,0,729,21,729
10-29-2025 14:13:15,3725,0,0,3971,793,4715,42.75,42.75,39.156,40.031,38.687,10,729,3,729,1,729,2,729,2,729,24,729,9,729,21,729,3,729,22,729,3,729,19,729
10-29-2025 14:13:16,3725,0,0,3971,793,4715,42.593,42.593,39.093,40.062,38.781,8,729,2,729,1,729,1,729,5,729,27,729,3,729,17,729,1,729,20,729,0,729,20,729
10-29-2025 14:13:17,3725,0,0,3971,793,4715,42.687,42.687,39.187,39.906,38.812,7,729,0,729,0,729,3,729,1,729,23,729,21,729,3,729,0,729,20,729,1,729,18,729
10-29-2025 14:13:18,3726,0,39,3971,793,4715,42.75,42.75,39.281,39.937,38.906,11,729,2,729,1,1497,1,1497,4,729,20,729,33,729,8,729,2,729,21,729,2,729,15,729
10-29-2025 14:13:19,3725,0,27,3971,793,4715,42.625,42.593,39.187,39.906,38.75,9,729,1,729,3,729,1,729,4,729,20,729,18,729,5,729,2,729,21,729,3,729,17,729
10-29-2025 14:13:20,3726,0,0,3971,793,4715,42.625,42.625,39.125,39.937,38.781,10,729,0,729,2,729,1,729,9,729,8,729,16,729,23,729,3,729,20,729,12,729,5,729
10-29-2025 14:13:21,3726,0,0,3971,793,4715,42.718,42.718,39.25,39.906,38.812,11,1497,4,1497,1,1497,0,1497,1,729,25,729,18,729,7,729,1,729,20,729,18,729,0,729
10-29-2025 14:13:22,3727,0,0,3971,793,4715,42.593,42.593,39.156,39.906,38.75,8,729,3,729,4,729,2,729,2,729,11,729,35,729,1,729,3,729,20,729,17,729,3,729
10-29-2025 14:13:23,3727,0,0,3971,793,4715,42.812,42.812,39.156,40.062,38.843,9,729,3,729,4,729,3,729,3,729,12,729,36,729,10,729,2,729,7,729,35,729,1,729
10-29-2025 14:13:24,3728,0,0,3971,793,4715,42.531,42.531,39.218,39.875,38.812,10,729,2,729,2,729,6,729,4,729,2,729,28,729,12,729,0,729,0,729,21,729,18,729
10-29-2025 14:13:25,3729,0,0,3971,793,4614,42.5,42.5,39.187,40.0,38.781,9,729,3,729,8,729,2,729,1,729,7,729,13,729,33,729,0,729,2,729,20,729,18,729
10-29-2025 14:13:26,3728,0,0,3971,793,4715,42.625,42.625,39.093,39.906,38.781,10,729,5,729,2,729,3,729,14,729,3,729,3,729,36,729,1,729,0,729,20,729,19,729
10-29-2025 14:13:27,3728,0,6,3971,793,4715,42.937,42.937,39.125,40.031,38.812,12,729,3,729,2,729,5,729,7,729,19,729,15,729,23,729,0,729,4,729,20,729,17,729
10-29-2025 14:13:28,3728,0,49,3971,793,4715,42.531,42.531,39.25,39.843,38.781,8,729,2,729,0,729,0,729,3,729,21,729,4,729,20,729,0,729,0,729,21,729,18,729
10-29-2025 14:13:29,3729,0,44,3971,793,4715,42.687,42.687,39.218,39.843,38.812,8,729,2,729,1,729,2,729,5,729,11,729,26,729,2,729,1,729,9,729,16,729,24,729
10-29-2025 14:13:30,3725,0,0,3971,793,4614,42.593,42.593,39.156,39.906,38.781,13,729,1,729,2,729,2,729,1,729,0,729,24,729,8,729,2,729,19,729,33,729,7,729
10-29-2025 14:13:31,3726,0,0,3971,793,4715,42.687,42.687,39.125,40.0,38.812,8,729,3,729,3,729,6,729,3,729,17,729,19,729,9,729,0,729,18,729,38,729,13,729
10-29-2025 14:13:32,3725,0,0,3971,793,4715,42.843,42.843,39.125,40.093,38.812,9,729,1,729,0,729,1,729,2,729,0,729,24,729,2,729,15,729,36,729,15,729,6,729
10-29-2025 14:13:33,3725,0,0,3971,793,4715,42.5,42.5,39.281,39.937,38.875,7,729,1,729,0,729,1,729,2,729,0,729,24,729,1,729,14,729,36,729,6,729,3,729
10-29-2025 14:13:34,3725,0,0,3971,793,4715,42.593,42.593,39.281,40.0,38.875,8,729,2,729,3,729,3,729,0,729,0,729,23,729,2,729,14,729,36,729,8,729,1,729
10-29-2025 14:13:35,3726,0,0,3971,793,4715,42.75,42.75,39.125,40.0,38.843,13,729,2,729,0,729,1,729,8,729,2,729,16,729,8,729,1,729,39,729,21,729,2,729
10-29-2025 14:13:36,3725,0,0,3971,793,4715,42.593,42.593,39.218,40.0,38.75,11,729,5,729,4,729,1,729,6,729,3,729,24,729,2,729,7,729,44,729,21,729,0,729
10-29-2025 14:13:37,3725,0,49,3969,793,4715,42.687,42.687,39.312,39.968,38.781,10,729,1,729,3,729,0,729,0,729,0,729,26,729,0,729,7,729,47,729,17,729,0,729
10-29-2025 14:13:38,3725,0,11,3971,793,4715,42.812,42.812,39.25,39.906,38.843,10,729,1,729,2,729,2,729,2,729,0,729,23,729,0,729,5,729,41,729,18,729,0,729
10-29-2025 14:13:39,3725,0,47,3971,793,4715,42.718,42.562,39.187,39.937,38.718,10,729,1,729,3,729,3,729,0,729,6,729,25,729,0,729,7,729,34,729,22,729,0,729
10-29-2025 14:13:40,3723,0,50,3971,793,4715,42.781,42.781,39.125,40.125,38.781,11,729,1,729,3,729,6,729,0,729,0,729,23,729,0,729,21,729,37,729,11,729,19,729
10-29-2025 14:13:41,3723,0,0,3971,793,4614,42.531,42.531,39.25,40.0,38.812,8,729,2,729,1,729,1,729,0,729,0,729,25,729,0,729,10,729,43,729,14,729,1,729
10-29-2025 14:13:42,3723,0,0,3971,793,4715,42.625,42.625,39.375,40.062,38.906,9,729,1,729,3,729,0,729,1,729,1,729,24,729,2,729,21,729,45,729,0,729,1,729
10-29-2025 14:13:43,3724,0,0,3971,793,4715,42.781,42.781,39.187,40.031,38.75,10,729,1,729,1,729,1,729,0,729,2,729,24,729,0,729,21,729,39,729,0,729,1,729
10-29-2025 14:13:44,3724,0,0,3971,793,4715,43.062,43.062,39.156,40.093,38.843,8,729,3,729,5,729,2,729,6,729,10,729,25,729,3,729,15,729,37,729,11,729,2,729
10-29-2025 14:13:45,3724,0,0,3971,793,4715,42.625,42.625,39.218,39.906,38.843,9,729,3,729,3,729,2,1497,16,729,8,729,23,729,6,729,0,729,37,729,0,729,1,729
10-29-2025 14:13:46,3724,0,0,3971,793,4614,42.781,42.781,39.25,40.0,38.843,8,729,2,729,1,729,2,729,1,729,21,729,20,729,5,729,0,729,42,729,0,729,3,729
10-29-2025 14:13:47,3723,0,0,3971,793,4715,42.875,42.875,39.156,40.0,38.843,9,729,7,729,0,729,3,729,1,729,21,729,19,729,2,729,0,729,44,729,0,729,0,729
10-29-2025 14:13:48,3724,0,49,3969,793,4715,42.875,42.875,39.187,40.031,38.781,11,1497,6,1497,2,1497,2,1497,4,1497,6,1497,19,1497,18,1497,0,729,44,729,0,729,0,729
10-29-2025 14:13:49,3724,0,48,3971,793,4715,43.0,43.0,39.187,40.125,38.843,7,729,6,729,3,729,4,729,17,729,3,729,21,729,18,729,0,729,21,729,21,729,1,729
10-29-2025 14:13:50,3727,0,10,3971,793,4715,42.75,42.75,39.312,39.968,38.875,10,729,5,729,2,1497,6,1497,4,729,20,729,20,729,8,729,0,729,22,729,18,729,2,729
10-29-2025 14:13:51,3727,0,0,3969,793,4614,42.656,42.656,39.281,39.937,38.875,9,729,5,729,1,729,3,729,0,729,23,729,1,729,19,729,0,729,22,729,18,729,2,729
10-29-2025 14:13:52,3727,0,0,3971,793,4715,42.843,42.843,39.25,40.031,38.781,7,729,8,729,3,729,5,729,0,729,20,729,5,729,19,729,1,729,19,729,26,729,0,729
10-29-2025 14:13:53,3727,0,0,3971,793,4715,42.718,42.718,39.218,40.156,38.781,7,729,3,729,4,729,1,729,3,729,13,729,13,729,27,729,2,729,10,729,34,729,4,729
10-29-2025 14:13:54,3727,0,0,3971,793,4715,42.718,42.718,39.218,39.843,38.875,8,729,1,729,2,729,0,729,12,729,1,729,12,729,21,729,1,729,2,729,41,729,2,729
10-29-2025 14:13:55,3727,0,0,3971,793,4715,42.812,42.812,39.343,40.0,38.968,13,729,3,729,3,729,1,729,20,729,5,729,19,729,5,729,1,729,0,729,39,729,4,729
10-29-2025 14:13:56,3728,0,0,3971,793,4614,42.687,42.687,39.25,40.0,38.75,7,729,1,729,2,729,2,729,1,729,20,729,20,729,0,729,0,729,0,729,36,729,4,729
10-29-2025 14:13:57,3727,0,0,3971,793,4715,42.812,42.812,39.25,40.156,38.875,6,729,4,729,3,729,2,729,14,729,19,729,17,729,7,729,1,729,3,729,44,729,5,729
10-29-2025 14:13:58,3727,0,46,3971,793,4715,42.656,42.656,39.281,39.968,38.812,37,729,1,729,1,729,3,729,0,729,22,729,0,729,19,729,0,729,21,729,0,729,5,729
10-29-2025 14:13:59,3727,0,47,3971,793,4715,42.687,42.687,39.375,40.031,38.875,32,729,2,729,4,729,2,729,0,729,21,729,1,729,19,729,1,729,18,729,0,729,8,729
10-29-2025 14:14:00,3727,0,49,3971,793,4715,42.75,42.75,39.25,39.968,38.875,23,729,13,1497,3,1497,3,1497,0,729,23,729,3,729,21,729,2,729,18,729,0,729,6,729
10-29-2025 14:14:01,3728,0,49,3971,793,4614,42.843,42.843,39.187,40.031,38.968,27,729,4,729,13,729,1,729,0,729,3,729,22,729,6,729,0,729,18,729,0,729,5,729
10-29-2025 14:14:02,3727,0,0,3971,793,4614,42.562,42.562,39.281,39.906,38.843,27,729,16,729,12,729,1,1497,1,729,9,729,2,729,21,729,2,729,25,729,2,729,1,729
10-29-2025 14:14:03,3727,0,0,3971,793,4715,42.718,42.718,39.25,39.937,38.812,8,729,37,729,9,729,1,729,0,729,0,729,0,729,20,729,1,729,25,729,0,729,1,729
10-29-2025 14:14:04,3728,0,4,3971,793,4715,42.781,42.781,39.281,40.0,38.875,8,1497,35,1497,7,1497,2,1497,8,729,6,729,1,729,16,729,2,729,22,729,3,729,1,729
10-29-2025 14:14:05,3727,0,14,3971,793,4715,42.812,42.656,39.218,40.093,38.843,8,729,22,729,4,729,18,729,10,729,2,729,3,729,14,729,0,729,22,729,6,729,0,729
10-29-2025 14:14:06,3729,0,24,3971,793,4715,42.625,42.625,39.281,40.0,38.937,16,729,28,729,15,729,14,729,12,729,28,729,8,729,17,729,18,729,22,729,4,729,4,729
10-29-2025 14:14:07,3728,0,0,3971,793,4614,42.718,42.718,39.218,40.093,38.781,7,729,0,729,1,729,20,729,0,729,0,729,17,729,6,729,24,729,21,729,2,729,7,729
10-29-2025 14:14:08,3728,0,0,3971,793,4715,42.75,42.75,39.312,39.968,38.843,7,729,20,729,2,729,2,729,18,729,2,729,21,729,0,729,9,729,20,729,2,729,7,729
10-29-2025 14:14:09,3728,0,0,3969,793,4715,42.875,42.875,39.312,40.062,38.843,9,729,18,729,3,729,6,729,2,729,22,729,21,729,0,729,0,729,18,729,1,729,8,729
10-29-2025 14:14:10,3729,0,0,3971,793,4715,42.75,42.75,39.312,39.937,38.843,13,729,8,729,9,729,15,729,0,729,21,729,28,729,9,729,1,729,20,729,1,729,4,729
10-29-2025 14:14:11,3729,0,0,3971,793,4715,42.843,42.843,39.218,39.968,38.875,9,729,14,729,2,729,9,729,1,729,15,729,7,729,21,729,6,729,20,729,0,729,1,729
10-29-2025 14:14:12,3729,0,0,3971,793,4614,42.625,42.625,39.343,40.031,38.906,10,729,5,729,10,729,9,729,0,729,0,729,0,729,20,729,22,729,26,729,0,729,1,729
10-29-2025 14:14:13,3729,0,0,3971,793,4614,42.843,42.843,39.218,40.031,38.906,9,729,7,729,17,729,3,729,0,729,0,729,1,729,21,729,26,729,18,729,1,729,6,729
10-29-2025 14:14:14,3728,0,0,3971,793,4715,42.718,42.718,39.25,39.968,38.906,11,729,6,729,18,729,6,1497,0,729,2,729,2,729,21,729,3,729,39,729,0,729,4,729
10-29-2025 14:14:15,3729,0,0,3971,793,4715,42.812,42.812,39.343,40.062,38.937,9,729,3,729,12,729,13,729,2,729,2,729,23,729,12,729,4,729,38,729,1,729,2,729
10-29-2025 14:14:16,3730,0,0,3971,793,4715,42.75,42.75,39.25,40.093,38.968,22,729,1,729,2,729,9,729,1,729,1,729,21,729,7,729,4,729,39,729,2,729,2,729
10-29-2025 14:14:17,3730,0,0,3971,793,4614,42.781,42.781,39.312,40.0,38.906,13,729,2,729,0,729,13,729,0,729,0,729,21,729,0,729,4,729,39,729,0,729,3,729
10-29-2025 14:14:18,3730,0,0,3971,793,4614,42.843,42.843,39.281,40.093,38.875,7,729,1,729,0,729,19,729,8,729,0,729,20,729,2,729,10,729,40,729,2,729,3,729
10-29-2025 14:14:19,3731,0,47,3971,793,4715,42.687,42.781,39.343,39.968,38.875,11,729,2,729,3,729,18,729,6,729,6,729,19,729,40,729,7,729,19,729,4,729,6,729
10-29-2025 14:14:20,3730,0,29,3971,793,4715,42.937,42.937,39.281,40.218,38.843,8,729,0,729,0,729,19,729,7,729,2,729,19,729,20,729,1,729,20,729,2,729,3,729
10-29-2025 14:14:21,3732,0,20,3971,793,4715,42.812,42.812,39.281,40.031,38.968,10,729,1,729,4,729,20,729,18,729,7,729,10,729,15,729,3,729,6,729,16,729,4,729
10-29-2025 14:14:22,3732,0,41,3971,793,4614,42.781,42.781,39.375,40.093,38.843,12,729,3,729,0,729,15,1497,22,729,0,729,2,729,20,729,2,729,2,729,19,729,4,729
10-29-2025 14:14:23,3732,0,0,3971,793,4715,42.75,42.75,39.281,40.093,38.843,22,729,0,729,2,729,7,729,16,729,10,729,15,729,26,729,8,729,0,729,19,729,5,729
10-29-2025 14:14:24,3731,0,0,3971,793,4815,42.843,42.843,39.343,40.093,38.937,25,729,1,729,0,729,2,729,1,729,48,729,1,729,4,729,7,729,6,729,18,729,8,729
10-29-2025 14:14:25,3731,0,47,3971,793,4715,42.968,42.968,39.281,40.156,38.812,28,729,0,729,2,729,1,729,13,729,31,729,1,729,0,729,1,729,6,729,19,729,7,729
10-29-2025 14:14:26,3732,0,0,3971,793,4715,42.75,42.75,39.312,39.968,38.875,8,729,2,729,1,1497,18,1497,15,729,29,729,7,729,0,729,2,729,10,729,11,729,4,729
10-29-2025 14:14:27,3732,0,0,3971,793,4715,42.843,42.843,39.375,40.062,38.968,8,1497,2,1497,1,1497,19,1497,21,729,21,729,2,729,1,729,0,729,21,729,2,729,5,729
10-29-2025 14:14:28,3732,0,0,3971,793,4614,42.75,42.75,39.312,40.156,38.906,8,729,1,729,4,729,18,729,2,729,26,729,11,729,1,729,10,729,15,729,10,729,16,729
10-29-2025 14:14:29,3731,0,0,3971,793,4715,42.781,42.781,39.375,39.968,38.843,8,729,1,729,1,1497,19,1497,6,729,28,729,6,729,2,729,4,729,21,729,25,729,4,729
10-29-2025 14:14:30,3731,0,0,3971,793,4715,42.843,42.843,39.281,40.125,38.968,15,729,2,729,1,729,13,729,1,729,24,729,5,729,0,729,15,729,9,729,19,729,2,729
10-29-2025 14:14:31,3731,0,0,3971,793,4715,42.656,42.656,39.375,40.281,38.875,8,729,4,729,2,729,19,729,0,729,12,729,4,729,10,729,21,729,7,729,19,729,2,729
10-29-2025 14:14:32,3731,0,0,3971,793,4715,42.812,42.812,39.343,40.031,39.0,9,729,2,729,1,729,19,729,6,729,2,729,4,729,20,729,17,729,19,729,17,729,2,729
10-29-2025 14:14:33,3730,0,0,3971,793,4614,42.843,42.843,39.281,40.156,38.875,8,729,3,729,1,729,21,729,4,729,3,729,1,729,22,729,0,729,21,729,18,729,1,729
10-29-2025 14:14:34,3731,0,0,3971,793,4614,42.937,42.781,39.343,40.281,39.0,21,729,0,729,6,729,8,729,7,729,2,729,2,729,27,729,4,729,20,729,18,729,4,729
10-29-2025 14:14:35,3731,0,49,3971,793,4715,42.875,42.875,39.375,40.125,38.937,12,729,3,729,5,729,5,1497,6,729,0,729,6,729,34,729,0,729,21,729,18,729,6,729
10-29-2025 14:14:36,3731,0,35,3971,793,4715,43.031,43.031,39.375,40.218,38.968,10,729,4,729,4,729,6,1497,3,729,9,729,21,729,12,729,2,729,20,729,26,729,12,729
10-29-2025 14:14:37,3731,0,23,3971,793,4715,42.812,42.812,39.375,40.062,38.906,8,729,2,729,1,729,0,1497,5,729,21,729,11,729,14,729,0,729,21,729,20,729,0,729
10-29-2025 14:14:38,3731,0,0,3971,793,4614,42.75,42.75,39.218,40.156,39.031,8,729,0,729,0,729,1,729,3,729,21,729,4,729,13,729,5,729,22,729,18,729,2,729
10-29-2025 14:14:39,3731,0,0,3971,793,4614,42.937,42.937,39.281,40.156,38.875,17,729,1,729,0,729,1,729,7,729,3,729,6,729,19,729,13,729,27,729,25,729,2,729
10-29-2025 14:14:40,3729,0,0,3969,793,4815,43.0,43.0,39.343,40.125,38.937,9,1497,20,1497,3,1497,2,1497,20,729,3,729,3,729,11,729,25,729,6,729,8,729,14,729
10-29-2025 14:14:41,3728,0,0,3971,793,4715,42.937,42.937,39.437,40.125,39.031,15,729,16,729,0,729,1,729,23,729,2,729,1,729,3,729,13,729,37,729,5,729,1,729
10-29-2025 14:14:42,3728,0,0,3969,793,4715,43.062,42.875,39.343,40.187,38.906,28,729,1,729,0,729,0,729,20,729,1,729,1,729,0,729,0,729,38,729,6,729,2,729
10-29-2025 14:14:43,3728,0,0,3969,793,4614,42.843,42.843,39.343,40.125,38.875,21,729,7,729,1,729,2,729,19,729,2,729,2,729,0,729,1,729,38,729,5,729,0,729
10-29-2025 14:14:44,3728,0,0,3969,793,4614,42.843,42.843,39.406,40.125,39.062,27,729,3,729,1,729,1,729,25,729,7,729,4,729,2,729,0,729,35,729,5,729,4,729
10-29-2025 14:14:45,3727,0,44,3969,793,4715,42.75,42.75,39.281,40.281,38.968,41,729,14,729,4,729,0,729,3,729,8,729,3,729,4,729,7,729,9,729,15,729,29,729
10-29-2025 14:14:46,3729,0,0,3969,793,4715,42.718,42.718,39.375,40.125,38.968,29,729,12,729,10,729,2,729,3,729,4,729,2,729,3,729,23,729,1,729,7,729,15,729
10-29-2025 14:14:47,3729,0,0,3971,793,4715,42.875,42.875,39.218,40.156,39.093,13,729,17,729,18,729,3,729,2,729,3,729,2,729,0,729,37,729,1,729,0,729,1,729
10-29-2025 14:14:48,3729,0,49,3969,793,4614,43.0,43.0,39.312,40.281,39.0,30,729,21,729,1,729,1,729,1,729,4,729,2,729,0,729,37,729,0,729,2,729,0,729
10-29-2025 14:14:49,3729,0,0,3971,793,4715,42.781,42.781,39.406,40.125,39.031,11,729,42,729,2,729,1,729,5,729,18,729,5,729,1,729,30,729,7,729,3,729,9,729
10-29-2025 14:14:50,3729,0,0,3971,793,4715,42.843,42.843,39.312,40.187,38.968,13,729,17,729,18,729,2,729,3,729,1,729,2,729,1,729,20,729,19,729,0,729,20,729
10-29-2025 14:14:51,3727,0,6,3971,793,4715,43.0,43.0,39.312,40.25,39.031,29,1497,1,1497,25,1497,4,1497,3,729,0,729,2,729,5,729,17,729,18,729,1,729,3,729
10-29-2025 14:14:52,3726,0,26,3969,793,4715,42.812,42.812,39.375,40.156,39.0,17,729,21,729,18,729,4,729,3,729,1,729,1,729,1,729,18,729,16,729,2,729,0,729
10-29-2025 14:14:53,3725,0,0,3969,793,4715,42.875,42.875,39.375,40.187,39.031,7,1497,28,1497,14,1497,5,1497,2,806,11,806,2,806,4,806,19,729,18,729,2,729,1,729
10-29-2025 14:14:54,3726,0,0,3969,793,4614,42.875,42.75,39.312,40.25,39.0,10,729,39,729,3,729,7,729,2,729,9,729,19,729,2,729,4,729,18,729,4,729,0,729
10-29-2025 14:14:55,3726,0,0,3971,793,4715,42.812,42.812,39.312,40.125,39.031,7,729,23,729,19,729,7,729,5,729,3,729,6,729,15,729,6,729,19,729,0,729,1,729
10-29-2025 14:14:56,3727,0,0,3969,793,4715,42.968,42.968,39.531,40.156,39.031,9,729,0,729,21,729,6,729,7,729,6,729,3,729,8,729,26,729,16,729,9,729,2,729
10-29-2025 14:14:57,3727,0,0,3971,793,4715,42.781,42.781,39.375,40.25,38.968,7,729,18,729,8,729,0,729,3,729,1,729,3,729,0,729,25,729,18,729,16,729,5,729
10-29-2025 14:14:58,3727,0,0,3969,793,4715,42.906,42.906,39.343,40.093,39.093,8,729,11,729,11,729,4,729,6,729,12,729,11,729,1,729,5,729,36,729,0,729,20,729
10-29-2025 14:14:59,3727,0,0,3969,793,4614,42.875,42.875,39.343,40.125,39.031,8,729,13,729,9,729,6,729,4,729,1,729,5,729,2,729,2,729,38,729,1,729,20,729
10-29-2025 14:15:00,3727,0,0,3971,793,4715,43.031,43.031,39.281,40.25,39.0,8,729,1,729,21,729,5,729,2,729,2,729,2,729,1,729,18,729,28,729,14,729,7,729
10-29-2025 14:15:01,3729,0,39,3969,793,4715,42.875,42.875,39.375,40.156,38.937,10,729,1,729,27,729,2,1497,1,729,7,729,3,729,1,729,7,729,37,729,19,729,4,729
10-29-2025 14:15:02,3730,0,48,3969,793,4715,42.781,42.781,39.343,40.187,39.093,8,729,1,729,25,729,2,1497,12,729,8,729,4,729,3,729,38,729,0,729,18,729,0,729
10-29-2025 14:15:03,3730,0,49,3969,793,4715,43.093,43.093,39.375,40.187,38.968,8,1497,1,1497,26,1497,0,1497,1,729,2,729,1,729,2,729,40,1267,1,1267,19,1267,2,1267
10-29-2025 14:15:04,3730,0,0,3969,793,4614,42.75,42.75,39.281,40.281,39.0,20,729,3,729,20,729,0,729,0,729,1,729,3,729,4,729,15,729,14,729,23,729,0,729
10-29-2025 14:15:05,3729,0,0,3969,793,4614,42.875,42.875,39.375,40.156,39.0,7,729,19,729,32,729,2,729,2,729,2,729,5,729,1,729,8,729,12,729,25,729,1,729
10-29-2025 14:15:06,3732,0,0,3969,793,4815,43.281,43.281,39.312,40.312,38.937,9,1497,21,1497,24,1497,0,1497,9,1497,12,1497,5,1497,5,1497,1,1420,19,1420,26,1420,4,1420
10-29-2025 14:15:07,3732,0,0,3969,793,4715,42.875,42.875,39.375,40.281,38.937,27,729,21,729,4,729,4,729,3,729,2,729,5,729,0,729,0,729,18,729,19,729,2,729
10-29-2025 14:15:08,3732,0,0,3969,793,4715,43.062,43.062,39.375,40.156,39.093,27,1497,21,1497,2,1497,4,1497,3,1420,0,1420,4,1420,1,1420,2,1497,20,1497,22,1497,0,1497
10-29-2025 14:15:09,3732,0,0,3969,793,4614,42.875,42.875,39.375,40.156,39.031,16,1420,32,1420,2,1420,2,1420,0,1420,2,1420,1,1420,0,1420,3,1420,17,729,23,729,0,729
10-29-2025 14:15:10,3732,0,0,3971,793,4614,42.968,42.968,39.343,40.312,39.0,31,729,7,729,18,729,1,1497,1,729,3,729,2,729,1,729,3,729,19,729,25,729,0,729
10-29-2025 14:15:11,3734,0,48,3971,793,4715,42.812,42.812,39.375,40.125,39.093,14,729,24,729,22,729,0,729,3,729,7,729,18,729,4,729,13,729,8,729,25,729,0,729
10-29-2025 14:15:12,3733,0,9,3971,793,4715,42.906,42.906,39.406,40.187,39.093,8,729,30,729,10,729,2,729,1,729,2,729,0,729,1,729,18,729,3,729,23,729,0,729
10-29-2025 14:15:13,3734,0,49,3971,793,4715,43.062,43.062,39.312,40.187,38.906,12,1497,35,1497,7,1497,0,1497,1,806,1,806,2,806,0,806,15,883,6,883,23,883,3,883
10-29-2025 14:15:14,3734,0,49,3971,793,4715,42.843,42.843,39.375,40.375,39.0,9,729,23,729,22,1497,0,1497,0,729,3,729,1,729,1,729,18,729,1,729,13,729,10,729
10-29-2025 14:15:16,3734,0,0,3971,793,4715,42.875,42.875,39.406,40.156,39.062,9,729,25,729,22,729,3,729,2,729,18,729,3,729,5,729,21,729,3,729,11,729,9,729
10-29-2025 14:15:17,3735,0,0,3971,793,4715,42.968,42.968,39.343,40.218,39.062,38,729,12,729,12,729,9,729,4,729,4,729,4,729,3,729,18,729,2,729,2,729,19,729
10-29-2025 14:15:18,3735,0,0,3971,793,4715,43.093,43.093,39.375,40.281,39.0,33,729,10,729,18,729,2,729,2,729,0,729,2,729,0,729,19,729,3,729,1,729,22,729
10-29-2025 14:15:19,3735,0,0,3971,793,4715,42.843,42.843,39.406,40.093,39.093,24,1497,7,1497,20,1497,3,1497,0,729,1,729,2,729,1,729,18,729,4,729,2,729,19,729
10-29-2025 14:15:20,3736,0,0,3971,793,4715,43.0,43.0,39.312,40.218,39.125,8,1497,26,1497,5,1497,17,1497,12,729,7,729,3,729,3,729,19,729,2,729,2,729,19,729
10-29-2025 14:15:21,3736,0,0,3971,793,4614,42.968,42.968,39.343,40.281,38.937,8,729,22,729,4,1497,21,1497,1,729,1,729,2,729,1,729,1,729,18,729,3,729,19,729
10-29-2025 14:15:22,3737,0,0,3971,793,4715,42.812,42.812,39.406,40.218,39.0,25,729,17,729,24,729,6,729,2,729,7,729,6,729,3,729,6,729,18,729,2,729,18,729
10-29-2025 14:15:23,3736,0,0,3971,793,4715,42.843,42.843,39.468,40.187,39.062,11,729,24,729,14,729,15,729,1,729,2,729,2,729,1,729,1,729,18,729,0,729,20,729
10-29-2025 14:15:24,3737,0,48,3971,793,4715,43.0,43.0,39.375,40.218,39.062,15,729,11,729,5,729,27,1497,3,729,1,729,2,729,2,729,0,729,18,729,1,729,19,729
10-29-2025 14:15:25,3736,0,41,3971,793,4715,43.218,43.218,39.406,40.312,39.125,37,729,10,729,6,729,6,729,5,729,3,729,10,729,2,729,0,729,18,729,3,729,19,729
10-29-2025 14:15:26,3736,0,0,3971,793,4614,42.812,42.812,39.437,40.187,39.031,8,729,29,729,22,729,2,729,2,729,1,729,2,729,1,729,0,729,19,729,0,729,21,729
10-29-2025 14:15:27,3736,0,0,3971,793,4715,42.843,42.843,39.343,40.156,39.093,9,729,7,729,46,729,11,729,6,729,2,729,4,729,3,729,0,729,20,729,0,729,21,729
10-29-2025 14:15:28,3737,0,0,3971,793,4715,43.031,43.031,39.375,40.25,38.968,8,729,1,729,21,729,6,729,0,729,3,729,1,729,5,729,27,729,19,729,0,729,19,729
10-29-2025 14:15:29,3737,0,0,3971,793,4815,42.875,42.875,39.375,40.125,38.968,9,729,18,729,17,729,8,1497,5,729,2,729,14,729,5,729,8,729,18,729,0,729,17,729
10-29-2025 14:15:30,3737,0,0,3971,793,4715,42.843,42.843,39.468,40.218,39.0,8,729,12,729,10,729,26,729,1,729,0,729,4,729,1,729,0,729,20,729,0,729,20,729
10-29-2025 14:15:31,3737,0,0,3971,793,4614,43.031,43.031,39.375,40.187,39.0,8,729,0,729,18,729,25,1497,2,729,3,729,2,729,2,729,0,729,19,729,0,729,19,729
10-29-2025 14:15:32,3738,0,0,3971,793,4614,42.843,42.843,39.343,40.312,38.968,8,729,3,729,15,729,34,729,6,729,3,729,3,729,5,729,2,729,14,729,1,729,18,729
10-29-2025 14:15:33,3738,0,0,3971,793,4815,43.0,43.0,39.437,40.156,39.062,7,729,5,729,5,729,47,729,13,729,18,729,5,729,1,729,1,729,8,729,2,729,19,729
10-29-2025 14:15:34,3739,0,0,3971,793,4715,42.937,42.937,39.5,40.281,39.062,12,729,14,729,6,729,30,729,6,729,15,729,4,729,3,729,1,729,0,729,0,729,22,729
10-29-2025 14:15:35,3739,0,0,3971,793,4715,43.062,43.062,39.375,40.312,39.031,8,729,16,729,7,729,26,729,1,729,18,729,1,729,2,729,0,729,0,729,0,729,18,729
10-29-2025 14:15:36,3738,0,48,3971,793,4614,42.843,42.843,39.406,40.281,39.093,9,729,3,729,6,729,38,729,16,729,9,729,3,729,0,729,0,729,0,729,0,729,19,729
10-29-2025 14:15:37,3735,0,0,3971,793,4614,42.906,42.906,39.468,40.187,39.062,7,729,4,729,8,729,46,729,22,729,2,729,3,729,9,729,2,729,2,729,0,729,22,729
10-29-2025 14:15:38,3735,0,8,3969,793,4715,42.968,42.968,39.375,40.312,39.062,27,729,17,729,9,729,22,729,21,729,6,729,16,729,3,729,0,729,0,729,0,729,19,729
10-29-2025 14:15:39,3735,0,3,3969,793,4715,42.937,42.937,39.406,40.312,39.093,23,729,2,729,5,729,20,729,20,729,5,729,7,729,3,729,0,729,0,729,3,729,18,729
10-29-2025 14:15:40,3735,0,13,3969,793,4715,42.906,42.906,39.468,40.25,39.093,7,729,2,729,5,729,19,729,20,729,3,729,10,729,15,729,0,729,0,729,1,729,19,729
10-29-2025 14:15:41,3734,0,0,3971,793,4614,42.968,42.968,39.375,40.187,39.093,13,729,0,729,2,1497,19,1497,18,729,2,729,4,729,23,729,0,729,0,729,0,729,19,729
10-29-2025 14:15:42,3734,0,0,3971,793,4614,43.187,43.187,39.343,40.312,39.0,31,729,4,729,6,729,5,729,16,729,6,729,25,729,19,729,3,729,0,729,0,729,19,729
10-29-2025 14:15:43,3734,0,0,3971,793,4715,42.937,42.937,39.406,40.218,39.062,31,729,3,729,13,729,4,729,21,729,16,729,10,729,8,729,0,729,0,729,0,729,19,729
10-29-2025 14:15:44,3734,0,0,3971,793,4715,43.062,43.062,39.468,40.218,39.062,14,729,5,729,14,729,6,1497,32,729,5,729,6,729,6,729,0,729,2,729,1,729,19,729
10-29-2025 14:15:45,3734,0,0,3971,793,4715,43.156,43.156,39.343,40.281,39.093,8,729,0,729,1,729,5,729,32,729,20,729,7,729,5,729,1,729,0,729,0,729,19,729
10-29-2025 14:15:46,3735,0,18,3969,793,4715,43.0,43.0,39.437,40.312,39.093,27,729,2,729,0,729,5,1497,20,729,38,729,2,729,4,729,2,729,0,729,2,729,18,729
10-29-2025 14:15:47,3734,0,0,3969,793,4614,42.906,42.906,39.437,40.187,39.125,8,729,2,729,1,729,11,729,21,729,41,729,1,729,0,729,1,729,4,729,3,729,19,729
10-29-2025 14:15:48,3734,0,0,3969,793,4715,42.937,42.937,39.531,40.218,39.125,7,729,6,729,1,729,4,729,20,729,46,729,1,729,6,729,0,729,3,729,1,729,20,729
10-29-2025 14:15:49,3733,0,25,3969,793,4715,42.906,42.906,39.406,40.281,39.031,10,729,1,729,6,729,0,729,15,729,45,729,7,729,2,729,5,729,2,729,1,729,22,729
10-29-2025 14:15:50,3733,0,47,3969,793,4715,42.937,42.937,39.468,40.156,39.093,9,729,0,729,6,729,1,729,2,729,43,729,7,729,16,729,9,729,1,729,3,729,12,729
10-29-2025 14:15:51,3732,0,0,3969,793,4715,43.031,43.031,39.5,40.218,39.031,9,729,3,729,4,729,1,729,19,729,38,729,2,729,3,729,18,729,6,729,14,729,3,729
10-29-2025 14:15:52,3730,0,0,3969,793,4614,43.062,43.062,39.406,40.281,39.031,11,729,1,729,3,729,1,729,14,729,45,729,0,729,2,729,19,729,2,729,6,729,3,729
10-29-2025 14:15:53,3729,0,0,3969,793,4614,42.875,42.875,39.406,40.312,39.031,7,729,0,729,0,729,6,729,21,729,46,729,1,729,2,729,19,729,3,729,2,729,3,729
10-29-2025 14:15:54,3729,0,0,3969,793,4715,42.937,43.062,39.468,40.218,39.0,9,729,1,729,0,729,5,729,21,729,43,729,1,729,4,729,13,729,3,729,4,729,8,729
10-29-2025 14:15:55,3729,0,0,3969,793,4715,42.937,43.156,39.625,40.343,39.125,11,729,2,729,1,729,3,729,22,729,37,729,5,729,6,729,8,729,15,729,1,729,16,729
10-29-2025 14:15:56,3729,0,0,3969,793,4715,42.968,42.906,39.406,40.312,39.031,7,729,1,729,1,729,6,729,20,729,19,729,19,729,1,729,19,729,2,729,1,729,1,729
10-29-2025 14:15:57,3730,0,0,3969,793,4614,43.093,43.093,39.375,40.375,39.062,8,729,1,729,1,729,1,729,19,729,20,729,20,729,0,729,12,729,10,729,1,729,10,729
10-29-2025 14:15:58,3730,0,0,3971,793,4614,42.843,42.843,39.5,40.218,39.125,17,729,1,729,1,729,0,729,21,729,27,729,23,729,1,729,8,729,4,729,3,729,1,729
10-29-2025 14:15:59,3730,0,47,3969,793,4815,43.031,43.031,39.375,40.218,39.125,23,729,8,1497,4,1497,0,1497,19,729,19,729,33,729,3,729,6,729,5,729,13,729,5,729
10-29-2025 14:16:00,3730,0,25,3969,793,4715,43.031,43.031,39.406,40.343,39.062,23,729,5,729,1,729,0,1497,22,729,0,729,39,729,6,729,5,729,1,729,3,729,2,729
10-29-2025 14:16:01,3730,0,36,3969,793,4715,42.875,42.875,39.468,40.25,39.125,26,729,0,729,0,729,0,1497,20,729,0,729,39,729,4,729,2,729,2,729,1,729,2,729
10-29-2025 14:16:02,3730,0,47,3969,396,4614,42.937,42.937,39.531,40.281,39.125,23,729,3,729,5,729,0,729,21,729,0,729,38,729,5,729,1,729,2,729,2,729,1,729
10-29-2025 14:16:03,3730,0,0,3971,793,4614,42.937,42.937,39.406,40.343,39.093,7,729,1,729,0,729,0,1497,22,729,8,729,35,729,5,729,13,729,2,729,3,729,10,729
10-29-2025 14:16:04,3731,0,0,3971,793,4815,43.312,43.312,39.375,40.25,39.093,12,729,29,1497,0,1497,1,1497,24,729,18,729,20,729,8,729,15,729,13,729,6,729,7,729
10-29-2025 14:16:05,3731,0,0,3969,793,4715,43.156,43.156,39.5,40.312,39.156,8,729,20,729,0,729,0,729,21,729,20,729,1,729,5,729,2,729,19,729,2,729,2,729
10-29-2025 14:16:06,3731,0,0,3971,793,4715,43.031,43.031,39.437,40.281,39.156,8,729,19,729,2,729,0,729,21,729,19,729,5,729,0,729,3,729,19,729,3,729,3,729
10-29-2025 14:16:07,3732,0,2,3969,793,4614,43.125,43.125,39.406,40.281,39.031,9,729,18,729,0,729,1,729,21,729,18,729,5,729,1,729,15,729,7,729,3,729,4,729
10-29-2025 14:16:08,3732,0,0,3971,793,4614,42.875,42.875,39.375,40.406,39.093,8,729,23,729,3,729,0,729,21,729,19,729,18,729,5,729,7,729,14,729,3,729,3,729
10-29-2025 14:16:09,3733,0,0,3971,793,4715,43.187,43.187,39.437,40.187,39.062,10,729,29,729,3,729,6,729,16,729,18,729,9,729,8,729,2,729,18,729,1,729,3,729
10-29-2025 14:16:10,3732,0,47,3971,793,4715,42.968,42.968,39.468,40.468,39.125,8,729,22,729,1,729,4,729,1,729,5,729,20,729,23,729,0,729,19,729,0,729,0,729
10-29-2025 14:16:11,3732,0,0,3971,793,4715,42.937,42.937,39.406,40.437,39.125,8,729,20,729,3,729,4,729,7,729,2,729,20,729,14,729,0,729,19,729,0,729,2,729
10-29-2025 14:16:12,3733,0,0,3971,793,4715,43.0,43.0,39.562,40.312,39.125,11,729,21,729,0,729,5,1497,19,729,18,729,21,729,5,729,0,729,18,729,0,729,3,729
10-29-2025 14:16:13,3733,0,0,3971,793,4614,42.875,42.875,39.437,40.187,39.125,8,729,43,729,0,729,4,729,1,729,1,729,20,729,2,729,0,729,20,729,3,729,0,729
10-29-2025 14:16:14,3733,0,0,3971,793,4715,43.031,43.031,39.5,40.25,39.218,13,729,42,729,4,729,5,729,8,729,2,729,20,729,3,729,0,729,19,729,3,729,1,729
10-29-2025 14:16:15,3732,0,1,3969,793,4715,42.937,42.937,39.5,40.218,39.125,13,729,12,729,14,729,5,729,0,729,16,729,20,729,1,729,0,729,20,729,1,729,1,729
10-29-2025 14:16:16,3732,0,49,3969,793,4715,43.093,43.093,39.562,40.281,39.125,7,729,0,729,21,729,3,729,6,729,11,729,23,729,9,729,1,729,19,729,2,729,0,729
10-29-2025 14:16:17,3732,0,2,3969,793,4715,42.968,42.968,39.562,40.25,39.125,9,729,1,729,23,729,4,729,9,729,5,729,25,729,24,729,14,729,8,729,4,729,3,729
10-29-2025 14:16:18,3732,0,0,3971,396,4614,42.968,42.968,39.437,40.25,39.125,8,729,1,729,20,729,0,729,4,729,3,729,20,729,22,729,8,729,10,729,0,729,0,729
10-29-2025 14:16:19,3729,0,0,3971,793,4715,43.031,43.031,39.531,40.25,39.25,16,729,5,729,20,729,0,729,4,729,8,729,31,729,14,729,3,729,11,729,12,729,2,729
10-29-2025 14:16:20,3729,0,0,3971,793,4715,43.125,43.125,39.437,40.281,39.125,7,729,1,729,6,729,0,729,3,729,5,729,46,729,0,729,16,729,8,729,15,729,2,729
10-29-2025 14:16:21,3730,0,0,3971,793,4715,43.0,43.0,39.375,40.312,39.062,10,729,9,729,4,729,1,729,5,729,1,729,24,729,19,729,14,729,21,729,15,729,1,729
10-29-2025 14:16:22,3730,0,33,3969,793,4715,43.156,43.156,39.5,40.375,39.187,8,729,3,729,0,729,2,729,3,729,1,729,19,729,22,729,3,729,20,729,21,729,3,729
10-29-2025 14:16:23,3730,0,0,3971,396,4614,42.875,42.875,39.437,40.437,39.093,8,729,0,729,0,729,1,729,1,729,0,729,20,729,21,729,0,729,19,729,24,729,0,729
10-29-2025 14:16:24,3731,0,0,3969,793,4715,42.906,42.906,39.468,40.281,39.062,8,729,1,729,9,729,2,729,4,729,3,729,20,729,21,729,5,729,24,729,23,729,3,729
10-29-2025 14:16:25,3732,0,5,3971,793,4815,42.968,42.968,39.437,40.218,39.125,11,729,3,729,12,729,3,729,9,729,2,729,21,729,22,729,1,729,9,729,23,729,20,729
10-29-2025 14:16:26,3731,0,0,3971,793,4715,43.093,43.093,39.5,40.281,39.281,7,729,1,729,1,729,0,729,3,729,1,729,20,729,21,729,0,729,20,729,22,729,3,729
10-29-2025 14:16:27,3731,0,0,3971,793,4715,42.968,42.968,39.562,40.281,39.187,7,729,3,729,1,729,3,729,3,729,1,729,20,729,21,729,1,729,19,729,23,729,0,729
10-29-2025 14:16:28,3731,0,0,3969,793,4614,43.093,43.093,39.375,40.25,39.187,7,729,1,729,1,729,2,729,2,729,1,729,20,729,23,729,0,729,18,729,23,729,0,729
10-29-2025 14:16:29,3732,0,0,3971,793,4715,43.312,43.312,39.375,40.343,39.125,21,729,4,729,2,729,3,729,16,729,2,729,21,729,12,729,2,729,8,729,24,729,21,729
10-29-2025 14:16:30,3733,0,24,3971,793,4715,43.156,43.156,39.468,40.312,39.156,13,729,4,729,4,729,0,729,21,729,3,729,19,729,2,729,0,729,0,729,25,729,30,729
10-29-2025 14:16:31,3733,0,47,3971,793,4715,42.875,42.875,39.437,40.5,39.125,7,729,3,729,1,729,1,729,21,729,2,729,20,729,2,729,0,729,2,729,21,729,19,729
10-29-2025 14:16:32,3733,0,38,3971,793,4715,43.0,43.0,39.468,40.218,39.187,7,729,1,729,1,729,1,729,21,729,1,729,21,729,3,729,1,729,3,729,19,729,20,729
10-29-2025 14:16:33,3732,0,27,3971,396,4614,42.968,42.968,39.5,40.25,39.125,8,729,0,729,0,729,1,729,22,729,1,729,19,729,0,729,3,729,18,729,0,729,20,729
10-29-2025 14:16:34,3733,0,0,3971,793,4614,43.0,43.0,39.593,40.312,39.125,11,729,5,729,2,729,1,729,16,729,19,729,20,729,16,729,5,729,18,729,12,729,15,729
10-29-2025 14:16:35,3733,0,0,3971,794,4715,43.125,43.125,39.625,40.25,39.187,10,729,4,729,0,729,0,729,2,729,21,729,20,729,0,729,6,729,4,729,26,729,23,729
10-29-2025 14:16:36,3733,0,0,3971,794,4715,43.218,43.218,39.468,40.312,39.125,7,729,2,729,2,729,1,729,0,729,21,729,19,729,2,729,7,729,10,729,4,729,22,729
10-29-2025 14:16:37,3733,0,0,3971,793,4715,43.218,43.218,39.468,40.375,39.093,9,729,2,729,1,729,1,729,2,729,20,729,19,729,1,729,0,729,20,729,0,729,24,729
10-29-2025 14:16:38,3733,0,2,3971,793,4614,43.062,43.062,39.5,40.468,39.093,17,729,2,729,1,729,0,729,3,729,20,729,19,729,8,729,2,729,18,729,4,729,22,729
10-29-2025 14:16:39,3734,0,0,3971,793,4614,42.906,43.0,39.5,40.187,39.156,8,729,5,729,9,729,1,729,2,729,13,729,21,729,1,729,3,729,1,729,25,729,23,729
10-29-2025 14:16:40,3734,0,0,3971,793,4715,43.0,43.0,39.562,40.375,39.156,7,729,4,729,2,729,0,729,2,729,20,729,12,729,10,729,2,729,0,729,26,729,25,729
10-29-2025 14:16:41,3734,0,0,3971,793,4715,43.031,43.031,39.625,40.281,39.187,7,729,2,729,2,729,1,729,0,729,21,729,3,729,17,729,0,729,0,729,21,729,21,729
10-29-2025 14:16:42,3734,0,0,3971,793,4715,43.312,43.312,39.468,40.406,39.062,9,729,1,729,9,729,2,729,3,729,22,729,3,729,17,729,3,729,1,729,21,729,23,729
10-29-2025 14:16:43,3734,0,0,3971,793,4614,43.187,43.187,39.406,40.343,39.125,10,729,1,729,8,729,3,729,17,729,21,729,2,729,4,729,1,729,3,729,19,729,19,729
10-29-2025 14:16:44,3733,0,0,3971,793,4715,42.937,42.937,39.531,40.531,39.156,21,729,8,729,28,729,12,729,10,729,26,729,15,729,10,729,1,729,3,729,20,729,22,729
10-29-2025 14:16:45,3733,0,0,3971,793,4715,43.062,43.062,39.5,40.343,39.187,11,729,20,729,6,729,1,729,0,729,18,729,1,729,0,729,5,729,5,729,36,729,6,729
10-29-2025 14:16:46,3732,0,0,3971,793,4715,43.031,43.031,39.531,40.343,39.125,9,729,8,729,16,729,3,729,0,729,18,729,0,729,0,729,15,729,2,729,6,729,30,729
10-29-2025 14:16:47,3732,0,42,3971,793,4715,43.062,43.062,39.437,40.343,39.281,13,729,14,729,10,729,15,1497,1,729,17,729,0,729,1,729,23,729,3,729,2,729,22,729
10-29-2025 14:16:48,3732,0,28,3971,793,4715,43.156,43.156,39.531,40.406,39.125,7,729,1,729,1,729,21,729,0,729,21,729,0,729,0,729,24,729,2,729,3,729,21,729
10-29-2025 14:16:49,3733,0,0,3971,793,4614,42.968,42.968,39.468,40.437,39.125,20,729,2,729,3,729,16,729,1,729,19,729,2,729,4,729,20,729,1,729,5,729,24,729
10-29-2025 14:16:50,3733,0,0,3969,793,4715,43.031,43.031,39.562,40.312,39.156,15,729,1,729,4,729,15,729,0,729,17,729,2,729,0,729,21,729,2,729,7,729,22,729
10-29-2025 14:16:51,3733,0,0,3971,793,4815,43.062,43.093,39.562,40.281,39.187,18,729,6,729,7,729,20,729,0,729,19,729,2,729,2,729,23,729,3,729,0,729,26,729
10-29-2025 14:16:52,3733,0,0,3969,793,4715,43.031,43.031,39.625,40.375,39.156,10,729,2,729,3,729,21,729,3,729,18,729,2,729,0,729,20,729,5,729,1,729,21,729
10-29-2025 14:16:53,3733,0,0,3969,793,4614,43.062,43.062,39.468,40.375,39.125,8,729,2,729,1,729,20,729,2,729,18,729,0,729,1,729,19,729,3,729,0,729,19,729
10-29-2025 14:16:54,3735,0,0,3971,793,4614,43.343,43.343,39.468,40.437,39.156,10,729,5,729,7,729,21,729,15,729,8,729,3,729,3,729,23,729,2,729,1,729,20,729
10-29-2025 14:16:55,3735,0,0,3969,793,4715,43.093,43.093,39.437,40.468,39.125,12,1190,8,1190,2,1190,25,1190,19,729,3,729,1,729,4,729,25,729,0,729,0,729,26,729
10-29-2025 14:16:56,3735,0,38,3971,793,4715,42.937,42.937,39.593,40.312,39.156,13,729,4,729,2,729,16,729,18,729,2,729,4,729,3,729,27,729,2,729,0,729,26,729
10-29-2025 14:16:57,3735,0,44,3971,793,4715,43.031,43.031,39.656,40.312,39.187,10,729,1,729,1,729,7,729,19,729,0,729,2,729,1,729,21,729,10,729,0,729,22,729
10-29-2025 14:16:58,3735,0,15,3971,793,4715,43.187,43.187,39.468,40.312,39.187,9,729,2,729,0,729,0,729,23,729,1,729,3,729,1,729,21,729,19,729,0,729,20,729
10-29-2025 14:16:59,3734,0,0,3971,793,4614,43.375,43.375,39.468,40.406,39.156,8,729,7,729,3,1497,1,1497,21,729,20,729,1,729,1,729,6,729,20,729,1,729,20,729
10-29-2025 14:17:00,3734,0,0,3969,793,4715,43.0,43.0,39.656,40.437,39.156,10,729,13,729,3,729,10,729,21,729,20,729,0,729,3,729,16,729,23,729,5,729,13,729
10-29-2025 14:17:01,3735,0,0,3969,793,4715,42.968,42.968,39.562,40.312,39.125,7,729,2,729,1,729,1,729,17,729,15,729,10,729,2,729,23,729,17,729,6,729,7,729
10-29-2025 14:17:02,3735,0,0,3971,793,4715,43.062,43.062,39.625,40.312,39.125,10,729,1,729,3,729,2,729,0,729,21,729,17,729,2,729,2,729,1,729,23,729,19,729
10-29-2025 14:17:03,3734,0,0,3969,793,4715,43.156,43.156,39.468,40.343,39.187,9,729,1,729,0,729,3,729,0,729,21,729,18,729,1,729,0,729,0,729,24,729,18,729
10-29-2025 14:17:04,3736,0,0,3971,793,4715,43.312,43.312,39.531,40.343,39.125,13,729,16,729,6,729,5,729,17,729,7,729,18,729,3,729,6,729,2,729,23,729,19,729
10-29-2025 14:17:05,3735,0,0,3971,793,4614,43.062,43.062,39.562,40.312,39.187,8,729,2,729,2,729,1,729,28,729,3,729,19,729,3,729,3,729,3,729,19,729,27,729
10-29-2025 14:17:06,3735,0,0,3971,793,4715,43.031,43.031,39.656,40.312,39.187,8,729,1,729,2,729,1,729,20,729,20,729,18,729,0,729,3,729,2,729,5,729,27,729
10-29-2025 14:17:07,3735,0,47,3971,793,4715,43.0,43.0,39.656,40.375,39.25,8,729,5,729,0,729,2,729,23,729,4,729,31,729,0,729,6,729,2,729,4,729,20,729
10-29-2025 14:17:08,3735,0,49,3971,793,4715,43.25,43.25,39.468,40.375,39.156,11,1497,1,1497,12,1497,1,1497,21,1497,1,1497,38,1497,3,1497,3,729,2,729,1,729,18,729
10-29-2025 14:17:09,3734,0,0,3971,793,4715,43.312,43.312,39.562,40.406,39.156,10,729,1,1497,8,1497,2,1497,20,729,4,729,38,729,2,729,4,729,1,729,4,729,18,729
10-29-2025 14:17:10,3733,0,0,3971,793,4614,43.0,43.0,39.468,40.312,39.25,9,729,2,729,1,729,5,729,23,729,1,729,39,729,0,729,2,729,1,729,4,729,25,729
10-29-2025 14:17:11,3733,0,0,3969,793,4715,43.187,43.187,39.593,40.25,39.125,8,729,0,729,1,729,0,729,26,729,2,729,38,729,0,729,3,729,0,729,0,729,26,729
10-29-2025 14:17:12,3733,0,0,3969,793,4715,43.125,43.125,39.5,40.312,39.281,10,729,3,729,1,729,4,729,25,729,3,729,38,729,0,729,4,729,4,729,2,729,24,729
10-29-2025 14:17:13,3734,0,0,3969,793,4715,43.125,43.125,39.531,40.437,39.125,9,1497,4,1497,4,1497,13,1497,7,729,21,729,36,729,1,729,3,729,1,729,0,729,19,729
10-29-2025 14:17:14,3734,0,0,3969,793,4715,43.343,43.343,39.562,40.437,39.218,24,729,2,729,4,729,6,729,4,729,21,729,37,729,2,729,3,729,1,729,2,729,9,729
10-29-2025 14:17:15,3733,0,0,3969,793,4614,43.031,43.031,39.5,40.281,39.125,30,729,1,729,0,729,3,729,22,729,16,729,17,729,11,729,3,729,2,729,0,729,0,729
10-29-2025 14:17:16,3734,0,0,3969,793,4715,43.156,43.156,39.656,40.406,39.281,34,729,2,729,0,729,1,729,11,729,15,729,40,729,0,729,0,729,2,729,0,729,1,729
10-29-2025 14:17:17,3735,0,4,3969,793,4815,43.312,43.312,39.5,40.437,39.125,21,729,7,729,6,729,13,729,5,729,32,729,37,729,2,729,7,729,1,729,2,729,1,729
10-29-2025 14:17:18,3735,0,35,3969,793,4715,43.062,43.062,39.5,40.468,39.125,9,729,3,729,1,729,2,729,8,729,32,729,37,729,0,729,1,729,3,729,0,729,1,729
10-29-2025 14:17:19,3737,0,0,3969,793,4715,43.343,43.343,39.468,40.312,39.125,10,729,4,729,4,729,3,1497,20,729,18,729,36,729,2,729,4,729,3,729,1,729,0,729
10-29-2025 14:17:20,3736,0,0,3969,793,4614,42.968,42.968,39.562,40.312,39.218,10,729,4,729,0,729,5,729,40,729,17,729,11,729,16,729,2,1036,0,1036,0,1036,1,1036
10-29-2025 14:17:21,3737,0,0,3969,793,4715,43.156,43.156,39.562,40.375,39.25,12,1497,20,1497,6,1497,6,1497,48,729,2,729,1,729,37,729,4,729,2,729,2,729,1,729
10-29-2025 14:17:22,3736,0,0,3969,793,4715,43.25,43.25,39.5,40.375,39.156,8,729,2,1497,2,1497,2,1497,47,729,4,729,1,729,44,729,7,729,0,729,1,729,2,729
10-29-2025 14:17:23,3736,0,0,3971,793,4715,43.062,43.062,39.562,40.437,39.125,10,729,2,729,0,729,1,729,26,729,10,729,1,729,38,729,9,729,0,729,0,729,1,729
10-29-2025 14:17:24,3737,0,1,3969,793,4715,43.187,43.187,39.562,40.343,39.281,9,729,5,729,1,729,1,729,21,729,17,729,16,729,14,729,12,729,4,729,8,729,8,729
10-29-2025 14:17:25,3738,0,0,3969,793,4614,43.156,43.156,39.687,40.312,39.187,7,729,3,729,1,729,2,729,12,729,9,729,38,729,1,729,21,729,2,729,3,729,0,729
10-29-2025 14:17:26,3738,0,0,3969,793,4614,43.093,43.093,39.5,40.375,39.218,10,729,11,729,1,729,2,729,13,729,11,729,35,729,3,729,9,729,7,729,22,729,5,729
10-29-2025 14:17:27,3738,0,0,3969,793,4715,43.156,43.156,39.625,40.375,39.125,9,729,0,729,0,729,0,729,10,729,3,729,37,729,11,729,1,729,2,729,26,729,5,729
10-29-2025 14:17:28,3738,0,18,3969,793,4715,43.031,43.031,39.531,40.281,39.218,9,729,0,729,2,729,0,729,10,729,0,729,38,729,14,729,0,729,2,729,21,729,5,729
10-29-2025 14:17:29,3737,0,0,3969,793,4715,43.093,43.093,39.562,40.312,39.187,10,729,5,729,0,729,0,729,7,729,5,729,37,729,15,729,1,729,2,729,21,729,3,729
10-29-2025 14:17:30,3736,0,0,3969,1190,4715,43.312,43.312,39.687,40.343,39.343,18,729,16,729,14,729,14,729,9,729,18,729,40,729,22,729,13,729,4,729,17,729,5,729
10-29-2025 14:17:31,3736,0,0,3969,793,4614,43.312,43.312,39.5,40.312,39.156,7,729,16,729,7,729,1,729,0,729,25,729,3,729,33,729,0,729,6,729,2,729,1,729
10-29-2025 14:17:32,3734,0,1,3969,793,4715,43.25,43.25,39.625,40.406,39.281,7,729,2,729,29,729,1,729,0,729,20,729,1,729,39,729,0,729,6,729,3,729,2,729
10-29-2025 14:17:33,3734,0,16,3969,793,4715,43.031,43.031,39.656,40.406,39.25,7,729,2,729,19,729,0,729,2,729,22,729,2,729,36,729,1,729,3,729,2,729,4,729
10-29-2025 14:17:34,3737,0,0,3969,793,4815,43.281,43.281,39.656,40.406,39.312,14,1497,4,1497,22,1497,10,1497,1,729,19,729,6,729,36,729,4,1497,4,1497,5,1497,4,1497
10-29-2025 14:17:35,3735,0,47,3969,793,4614,43.25,43.25,39.5,40.437,39.218,12,729,2,729,4,729,21,729,1,729,22,729,1,729,38,729,0,729,1,729,1,729,1,729
10-29-2025 14:17:36,3735,0,0,3969,793,4614,43.468,43.468,39.531,40.468,39.156,13,729,1,729,1,729,24,729,0,729,20,729,0,729,38,729,0,729,2,729,4,729,2,729
10-29-2025 14:17:37,3735,0,0,3969,793,4715,43.031,43.031,39.562,40.281,39.281,10,729,27,729,3,729,4,729,0,729,21,729,0,729,40,729,0,729,0,729,1,729,1,729
10-29-2025 14:17:38,3735,0,0,3969,793,4715,43.25,43.25,39.625,40.437,39.281,7,1497,26,1497,5,1497,5,1497,1,729,21,729,0,729,40,729,1,1497,0,1497,2,1497,5,1497
10-29-2025 14:17:39,3743,0,0,3969,793,4715,43.156,43.343,39.562,40.375,39.343,16,1497,24,1497,8,1497,21,1497,0,729,19,729,0,729,39,729,3,1497,3,1497,5,1497,4,1497
10-29-2025 14:17:40,3740,0,0,3969,793,4715,43.125,43.062,39.562,40.343,39.25,16,729,5,729,4,729,33,729,1,729,20,729,1,729,18,729,3,729,2,729,2,729,2,729
10-29-2025 14:17:41,3740,0,0,3971,793,4614,43.406,43.406,39.625,40.312,39.25,32,729,1,729,2,729,19,729,0,729,21,729,0,729,19,729,0,729,2,729,0,729,2,729
10-29-2025 14:17:42,3739,0,0,3969,793,4715,43.031,43.031,39.593,40.406,39.25,46,729,3,729,2,729,18,729,2,729,20,729,0,729,20,729,1,729,3,729,0,729,2,729
10-29-2025 14:17:43,3742,0,0,3969,793,4815,43.281,43.281,39.531,40.343,39.406,17,1497,21,1497,12,1497,29,1497,1,1190,21,1190,0,1190,18,1190,4,1190,3,1190,3,1190,2,1190
10-29-2025 14:17:44,3741,0,41,3969,793,4715,43.343,43.343,39.562,40.5,39.25,10,729,21,729,3,1497,23,1497,1,729,22,729,1,729,19,729,0,729,4,729,0,729,1,729
10-29-2025 14:17:45,3741,0,29,3969,793,4715,43.156,43.156,39.531,40.375,39.281,15,729,39,729,2,729,4,729,1,729,33,729,1,729,7,729,1,729,2,729,7,729,1,729
10-29-2025 14:17:46,3741,0,0,3969,793,4614,43.062,43.062,39.687,40.312,39.281,11,729,43,729,6,729,3,729,0,729,21,729,0,729,19,729,1,729,2,729,0,729,1,729
10-29-2025 14:17:47,3742,0,0,3969,793,4715,43.312,43.312,39.687,40.375,39.25,12,729,45,729,8,729,2,1497,1,729,20,729,4,729,22,729,3,729,11,729,1,729,0,729
10-29-2025 14:17:49,3742,0,0,3969,793,4815,43.156,43.156,39.593,40.437,39.281,9,1497,13,1497,19,1497,23,1497,0,729,21,729,0,729,18,729,4,729,3,729,3,729,2,729
10-29-2025 14:17:50,3741,0,0,3969,793,4715,43.343,43.343,39.562,40.531,39.156,8,729,2,729,20,1497,23,1497,1,729,29,729,2,729,11,729,0,729,2,729,1,729,1,729
10-29-2025 14:17:51,3739,0,0,3969,793,4715,43.031,43.031,39.593,40.312,39.281,8,729,1,729,20,729,23,729,2,729,21,729,3,729,19,729,1,729,7,729,2,729,3,729
10-29-2025 14:17:52,3739,0,0,3971,793,4614,43.156,43.156,39.75,40.343,39.281,13,729,1,729,18,729,19,729,3,729,21,729,1,729,21,729,0,729,1,729,2,729,0,729
10-29-2025 14:17:53,3740,0,0,3969,793,4715,43.25,43.25,39.625,40.406,39.218,13,729,2,729,3,729,16,729,44,729,11,729,15,729,9,729,1,729,3,729,14,729,6,729
10-29-2025 14:17:54,3739,0,17,3969,793,4715,43.125,43.125,39.593,40.562,39.312,13,729,1,729,0,729,17,729,44,729,6,729,21,729,3,729,0,729,4,729,0,729,2,729
10-29-2025 14:17:55,3739,0,49,3969,793,4715,43.093,43.093,39.625,40.312,39.25,8,729,0,1497,0,1497,22,1497,33,729,2,729,19,729,8,729,0,729,0,729,1,729,1,729
10-29-2025 14:17:56,3741,0,42,3969,793,4715,43.312,43.312,39.656,40.375,39.281,13,729,1,729,1,729,20,729,17,729,11,729,17,729,21,729,0,729,1,729,3,729,6,729
10-29-2025 14:17:57,3742,0,17,3971,793,4614,43.343,43.343,39.5,40.406,39.25,11,729,12,729,1,729,14,729,40,729,2,729,1,729,20,729,1,729,1,729,12,729,3,729
10-29-2025 14:17:58,3743,0,0,3971,793,4614,43.343,43.343,39.687,40.406,39.187,11,729,18,729,1,729,4,1497,43,729,3,729,6,729,21,729,0,729,0,729,0,729,1,729
10-29-2025 14:17:59,3743,0,0,3969,793,4715,43.5,43.5,39.562,40.406,39.25,14,1497,16,1497,2,1497,3,1497,18,729,25,729,18,729,21,729,0,729,1,729,0,729,1,729
10-29-2025 14:18:00,3743,0,0,3969,793,4715,43.093,43.093,39.593,40.406,39.312,11,729,0,729,0,729,19,729,38,729,12,729,19,729,1,729,1,729,0,729,2,729,0,729
10-29-2025 14:18:01,3746,0,0,3969,793,4715,43.218,43.218,39.562,40.5,39.343,9,729,2,729,2,729,20,1497,29,729,22,729,9,729,9,729,16,729,2,729,9,729,5,729
10-29-2025 14:18:02,3746,0,0,3969,793,4614,43.281,43.281,39.593,40.468,39.218,8,729,0,729,2,729,18,729,4,729,23,729,15,729,22,729,1,729,0,729,3,729,0,729
10-29-2025 14:18:03,3746,0,0,3969,793,4614,43.156,43.156,39.625,40.562,39.25,7,729,1,729,1,729,20,729,22,729,26,729,24,729,4,729,0,729,1,729,3,729,0,729
10-29-2025 14:18:04,3744,0,0,3969,793,4715,43.156,43.156,39.625,40.343,39.281,13,1497,1,1497,0,1497,5,1497,45,729,5,729,22,729,6,729,15,729,0,729,2,729,0,729
10-29-2025 14:18:05,3745,0,2,3969,793,4715,43.281,43.281,39.75,40.375,39.281,7,1497,0,1497,1,1497,2,1497,21,729,9,729,22,729,13,729,18,729,1,729,6,729,5,729
10-29-2025 14:18:06,3748,0,47,3969,793,4715,43.187,43.125,39.656,40.5,39.187,25,729,4,729,0,729,3,729,10,729,11,729,29,729,4,729,12,729,15,729,7,729,5,729
10-29-2025 14:18:07,3748,0,49,3969,793,4715,43.343,43.343,39.531,40.531,39.312,32,729,2,729,0,729,1,1497,2,729,20,729,23,729,7,729,1,729,19,729,0,729,2,729
10-29-2025 14:18:08,3748,0,0,3971,793,4614,43.093,43.093,39.687,40.406,39.218,16,729,17,729,4,729,2,729,1,729,19,729,19,729,6,729,2,729,18,729,0,729,0,729
10-29-2025 14:18:09,3747,0,0,3971,793,4715,43.125,43.125,39.812,40.406,39.343,13,729,28,729,9,729,4,729,3,729,20,729,20,729,2,729,7,729,16,729,0,729,0,729
10-29-2025 14:18:10,3747,0,0,3969,793,4715,43.281,43.281,39.593,40.531,39.281,13,729,26,729,14,729,3,729,12,729,7,729,15,729,17,729,18,729,7,729,4,729,0,729
10-29-2025 14:18:11,3745,0,0,3971,793,4715,43.125,43.125,39.593,40.531,39.25,8,729,18,729,4,729,2,729,4,729,0,729,18,729,22,729,20,729,5,729,4,729,2,729
10-29-2025 14:18:12,3745,0,0,3971,793,4614,43.093,43.093,39.687,40.437,39.187,7,729,19,729,5,729,1,729,1,729,1,729,20,729,19,729,20,729,1,729,7,729,3,729
10-29-2025 14:18:13,3745,0,0,3969,793,4614,43.218,43.218,39.687,40.375,39.25,8,729,22,729,3,729,1,729,0,729,1,729,21,729,20,729,18,729,3,729,4,729,3,729
10-29-2025 14:18:14,3745,0,0,3969,793,4715,43.468,43.468,39.593,40.468,39.25,9,1497,6,1497,5,1497,1,1497,4,729,7,729,19,729,15,729,37,729,11,729,5,729,12,729
10-29-2025 14:18:15,3746,0,48,3969,793,4715,43.281,43.281,39.593,40.468,39.25,8,729,0,729,5,729,0,729,11,729,0,729,22,729,9,729,28,729,1,729,21,729,4,729
10-29-2025 14:18:16,3746,0,47,3969,793,4715,43.031,43.031,39.656,40.406,39.281,10,729,0,729,3,729,0,729,16,729,0,729,20,729,3,729,20,729,17,729,12,729,2,729
10-29-2025 14:18:17,3746,0,42,3969,793,4715,43.125,43.125,39.718,40.406,39.281,7,729,0,729,3,729,1,729,18,729,1,729,5,729,19,729,16,729,5,729,20,729,2,729
10-29-2025 14:18:18,3746,0,0,3969,396,4614,43.218,43.218,39.562,40.468,39.156,7,729,0,729,3,729,0,729,19,729,1,729,6,729,19,729,3,729,33,729,7,729,2,729
10-29-2025 14:18:19,3746,0,0,3969,793,4715,43.343,43.343,39.625,40.531,39.281,10,729,3,729,7,729,4,729,37,729,2,729,18,729,10,729,6,729,25,729,1,729,16,729
10-29-2025 14:18:20,3746,0,0,3969,793,4715,43.125,43.125,39.593,40.437,39.281,8,729,2,729,7,729,1,729,11,729,2,729,27,729,7,729,17,729,10,729,11,729,10,729
10-29-2025 14:18:21,3749,0,0,3969,793,4715,43.343,43.343,39.531,40.437,39.343,9,1497,1,1497,5,1497,3,1497,1,729,2,729,29,729,13,729,18,1497,8,1497,13,1497,6,1497
10-29-2025 14:18:22,3750,0,0,3969,793,4715,43.281,43.281,39.562,40.468,39.312,9,729,1,1497,5,1497,5,1497,32,729,3,729,7,729,9,729,17,729,1,729,1,729,19,729
10-29-2025 14:18:23,3751,0,0,3969,793,4614,43.125,43.125,39.531,40.406,39.343,10,729,3,729,4,729,1,729,20,729,13,729,13,729,17,729,8,729,2,729,7,729,34,729
10-29-2025 14:18:24,3750,0,0,3969,793,4614,43.156,43.156,39.656,40.468,39.343,10,729,4,729,9,729,4,729,10,729,32,729,4,729,2,729,0,729,2,729,0,729,44,729
10-29-2025 14:18:25,3751,0,41,3969,793,4715,43.25,43.25,39.562,40.375,39.375,10,729,1,729,8,729,2,729,0,729,21,729,18,729,2,729,1,729,2,729,0,729,48,729
10-29-2025 14:18:26,3748,0,35,3969,793,4715,43.468,43.468,39.625,40.468,39.312,12,729,2,729,4,729,3,729,0,729,20,729,9,729,17,729,0,729,1,729,0,729,39,729
10-29-2025 14:18:27,3747,0,23,3969,793,4715,43.156,43.156,39.656,40.375,39.343,11,729,3,729,4,1497,3,1497,18,729,22,729,5,729,17,729,1,729,1,729,4,729,39,729
10-29-2025 14:18:28,3747,0,39,3969,793,4614,43.218,43.218,39.812,40.5,39.375,8,729,0,729,3,729,4,729,22,729,0,729,2,729,19,729,0,729,1,729,0,729,38,729
10-29-2025 14:18:29,3747,0,0,3969,793,4614,43.406,43.406,39.562,40.562,39.281,11,729,2,729,6,729,2,1497,20,729,1,729,9,729,13,729,3,729,0,729,1,729,43,729
10-29-2025 14:18:30,3748,0,0,3969,793,4715,43.25,43.25,39.687,40.593,39.281,11,729,4,729,7,729,24,729,19,729,6,729,20,729,1,729,2,729,0,729,1,729,18,729
10-29-2025 14:18:31,3749,0,0,3969,793,4715,43.218,43.218,39.687,40.343,39.281,12,729,4,729,7,729,22,729,1,729,21,729,19,729,0,729,0,729,0,729,20,729,7,729
10-29-2025 14:18:32,3748,0,0,3969,793,4715,43.343,43.343,39.718,40.5,39.375,11,729,4,729,5,729,13,729,22,729,6,729,19,729,2,729,2,729,16,729,18,729,2,729
10-29-2025 14:18:33,3748,0,0,3969,793,4614,43.093,43.093,39.593,40.468,39.312,10,729,0,729,4,729,2,729,33,729,5,729,19,729,2,729,0,729,0,729,13,729,1,729
10-29-2025 14:18:34,3748,0,0,3971,793,4614,43.156,43.156,39.625,40.625,39.218,16,729,2,729,1,729,1,729,44,729,2,729,19,729,10,729,0,729,0,729,14,729,2,729
10-29-2025 14:18:35,3748,0,0,3971,793,4715,43.187,43.218,39.718,40.406,39.375,11,729,1,729,3,729,1,729,42,729,5,729,3,729,20,729,0,729,0,729,19,729,1,729
10-29-2025 14:18:36,3748,0,51,3971,793,4815,43.187,43.437,39.593,40.468,39.531,13,729,0,729,6,729,2,729,33,729,4,729,14,729,21,729,1,729,15,729,20,729,10,729
10-29-2025 14:18:37,3748,0,49,3971,793,4715,43.312,43.187,39.687,40.5,39.281,8,729,2,729,5,729,1,729,20,729,3,729,28,729,10,729,0,729,1,729,18,729,0,729
10-29-2025 14:18:38,3747,0,44,3969,793,4715,43.531,43.531,39.625,40.437,39.343,9,729,3,729,4,729,0,729,23,729,20,729,22,729,0,729,0,729,1,729,21,729,0,729
10-29-2025 14:18:39,3748,0,0,3971,793,4614,43.218,43.218,39.687,40.437,39.343,13,729,1,729,0,729,5,729,44,729,18,729,1,729,0,729,0,729,0,729,20,729,3,729
10-29-2025 14:18:40,3748,0,0,3971,793,4715,43.375,43.375,39.625,40.531,39.281,8,1497,4,1497,6,1497,2,1497,34,729,19,729,14,729,1,729,6,729,5,729,21,729,11,729
10-29-2025 14:18:41,3749,0,0,3971,793,4715,43.5,43.5,39.75,40.531,39.343,10,729,1,729,3,729,7,729,46,729,18,729,0,729,0,729,1,729,0,729,9,729,18,729
10-29-2025 14:18:42,3749,0,0,3971,793,4715,43.312,43.312,39.656,40.437,39.375,7,729,0,729,1,729,6,729,44,729,19,729,1,729,0,729,0,729,0,729,2,729,19,729
10-29-2025 14:18:43,3749,0,0,3971,793,4715,43.25,43.25,39.75,40.437,39.468,8,729,2,729,0,729,6,729,37,729,19,729,4,729,0,729,0,729,0,729,2,729,19,729
10-29-2025 14:18:44,3749,0,0,3971,793,4614,43.343,43.343,39.718,40.5,39.312,10,729,1,729,1,729,4,729,41,729,19,729,0,729,1,729,0,729,0,729,5,729,18,729
10-29-2025 14:18:45,3749,0,0,3969,793,4715,43.093,43.093,39.687,40.625,39.343,10,729,2,729,3,729,6,729,41,729,18,729,8,729,2,729,7,729,21,729,10,729,7,729
10-29-2025 14:18:46,3750,0,42,3971,793,4715,43.156,43.156,39.781,40.5,39.312,8,729,0,729,3,729,6,729,33,729,14,729,10,729,15,729,0,729,18,729,5,729,0,729
10-29-2025 14:18:47,3750,0,0,3969,793,4715,43.281,43.281,39.781,40.437,39.437,11,729,2,729,1,729,2,729,4,729,19,729,17,729,21,729,0,729,18,729,0,729,2,729
10-29-2025 14:18:48,3750,0,49,3969,793,4715,43.625,43.625,39.593,40.593,39.25,12,729,4,729,2,729,4,729,8,729,19,729,24,729,19,729,0,729,19,729,6,729,8,729
10-29-2025 14:18:49,3750,0,0,3971,793,4614,43.25,43.25,39.687,40.656,39.343,9,729,4,729,1,729,6,729,20,729,15,729,18,729,14,729,3,729,20,729,14,729,2,729
10-29-2025 14:18:50,3750,0,0,3971,793,4614,43.25,43.25,39.75,40.406,39.343,13,729,3,729,1,729,4,729,12,729,0,729,28,729,30,729,1,729,18,729,0,729,0,729
10-29-2025 14:18:51,3750,0,0,3971,793,4715,43.343,43.343,39.687,40.531,39.281,29,729,4,729,3,729,9,729,11,729,21,729,2,729,11,729,0,729,18,729,1,729,0,729
10-29-2025 14:18:52,3750,0,0,3969,793,4715,43.156,43.156,39.656,40.5,39.343,22,729,3,729,5,729,6,729,18,729,24,729,2,729,5,729,0,729,19,729,0,729,0,729
10-29-2025 14:18:53,3751,0,0,3969,793,4715,43.312,43.312,39.718,40.437,39.375,17,729,3,729,4,729,18,729,1,729,23,729,2,729,21,729,13,729,19,729,11,729,5,729
10-29-2025 14:18:54,3751,0,0,3971,793,4614,43.281,43.281,39.781,40.437,39.375,28,729,8,729,2,729,3,729,19,729,24,729,1,729,2,729,1,729,19,729,0,729,4,729
10-29-2025 14:18:55,3751,0,0,3971,793,4614,43.437,43.437,39.687,40.468,39.25,25,729,11,729,8,729,4,729,19,729,23,729,0,729,1,729,1,729,10,729,0,729,11,729
10-29-2025 14:18:56,3751,0,0,3971,793,4715,43.343,43.093,39.656,40.593,39.375,11,729,27,729,7,729,1,729,2,729,16,729,1,729,26,729,0,729,0,729,1,729,18,729
10-29-2025 14:18:57,3750,0,16,3969,793,4715,43.187,43.25,39.75,40.437,39.343,11,729,24,729,0,729,5,729,19,729,1,729,3,729,25,729,0,729,2,729,2,729,17,729
10-29-2025 14:18:58,3749,0,3,3971,793,4715,43.281,43.281,39.625,40.468,39.343,10,729,21,729,14,729,15,729,22,729,2,729,7,729,22,729,1,729,7,729,2,729,15,729
10-29-2025 14:18:59,3749,0,0,3971,793,4614,43.281,43.281,39.656,40.562,39.281,8,729,17,729,3,729,4,729,23,729,2,729,3,729,22,729,0,729,2,729,4,729,18,729
10-29-2025 14:19:00,3749,0,0,3971,793,4614,43.562,43.562,39.656,40.468,39.25,12,729,5,729,1,729,4,729,35,729,3,729,3,729,8,729,22,729,16,729,2,729,3,729
10-29-2025 14:19:01,3749,0,0,3969,793,4715,43.218,43.218,39.75,40.437,39.343,7,729,1,729,0,729,6,729,4,729,18,729,2,729,19,729,29,729,18,729,1,729,0,729
10-29-2025 14:19:02,3749,0,0,3969,793,4815,43.281,43.281,39.656,40.5,39.406,25,729,3,729,2,729,4,729,11,729,20,729,3,729,9,729,24,729,10,729,13,729,4,729
10-29-2025 14:19:03,3748,0,0,3969,793,4715,43.375,43.375,39.718,40.562,39.281,14,729,3,729,0,1497,3,1497,13,729,9,729,15,729,14,729,22,729,0,729,20,729,0,729
10-29-2025 14:19:04,3748,0,0,3969,793,4715,43.218,43.218,39.718,40.406,39.343,8,729,1,729,3,729,8,729,23,729,1,729,19,729,5,729,19,729,1,729,18,729,2,729
10-29-2025 14:19:05,3748,0,0,3969,793,4614,43.25,43.25,39.718,40.468,39.343,10,729,3,729,0,729,5,729,9,729,2,729,25,729,14,729,22,729,0,729,18,729,2,729
10-29-2025 14:19:06,3748,0,0,3969,793,4715,43.343,43.343,39.625,40.468,39.281,14,729,5,729,18,1497,4,1497,25,729,1,729,12,729,13,729,27,729,5,729,19,729,2,729
10-29-2025 14:19:07,3747,0,0,3969,793,4715,43.187,43.187,39.656,40.593,39.343,11,729,1,729,1,729,8,729,24,729,1,729,2,729,23,729,0,729,28,729,18,729,0,729
10-29-2025 14:19:08,3749,0,41,3969,793,4715,43.187,43.187,39.687,40.468,39.375,9,729,3,729,7,729,5,729,20,729,14,729,0,729,14,729,1,729,21,729,18,729,0,729
10-29-2025 14:19:09,3749,0,29,3969,793,4715,43.437,43.437,39.75,40.437,39.375,11,729,1,729,2,729,5,729,18,729,23,729,1,729,5,729,7,729,13,729,19,729,3,729
10-29-2025 14:19:10,3749,0,0,3969,793,4614,43.437,43.437,39.656,40.468,39.375,9,729,2,729,3,729,7,729,1,729,24,729,0,729,23,729,21,729,1,729,19,729,0,729
10-29-2025 14:19:11,3749,0,0,3971,793,4614,43.25,43.25,39.625,40.625,39.281,22,729,3,729,8,729,4,729,3,729,21,729,2,729,22,729,26,729,3,729,20,729,0,729
10-29-2025 14:19:12,3749,0,0,3969,793,4715,43.156,43.281,39.75,40.5,39.312,8,729,3,729,4,729,3,729,0,729,23,729,1,729,21,729,30,729,0,729,23,729,0,729
